{
  "epochs": [
    {
      "epoch": 1,
      "train_metrics": {
        "accuracy": 0.7605188416830146,
        "f1": 0.6381453789320002,
        "fn": 965.0,
        "fp": 7214.0,
        "loss": 0.6687006173055524,
        "precision": 0.499930680715375,
        "recall": 0.8819860584566467,
        "tn": 18762.0,
        "tp": 7212.0
      },
      "val_metrics": {
        "accuracy": 0.7825374052059848,
        "f1": 0.6615629984051037,
        "fn": 131.0,
        "fp": 930.0,
        "loss": 0.61636637431917,
        "precision": 0.527198779867819,
        "recall": 0.8878424657534246,
        "tn": 2781.0,
        "tp": 1037.0
      }
    },
    {
      "epoch": 2,
      "train_metrics": {
        "accuracy": 0.7934295669487307,
        "f1": 0.6698797435777455,
        "fn": 1019.0,
        "fp": 6036.0,
        "loss": 0.6115751575017693,
        "precision": 0.542519326966803,
        "recall": 0.8753821694998165,
        "tn": 19940.0,
        "tp": 7158.0
      },
      "val_metrics": {
        "accuracy": 0.790735806517729,
        "f1": 0.6633696010550609,
        "fn": 162.0,
        "fp": 859.0,
        "loss": 0.5992660758240738,
        "precision": 0.5394101876675603,
        "recall": 0.8613013698630136,
        "tn": 2852.0,
        "tp": 1006.0
      }
    },
    {
      "epoch": 3,
      "train_metrics": {
        "accuracy": 0.7974116475858636,
        "f1": 0.6737398028952705,
        "fn": 1033.0,
        "fp": 5886.0,
        "loss": 0.5925308595366022,
        "precision": 0.548273215656178,
        "recall": 0.8736700501406384,
        "tn": 20090.0,
        "tp": 7144.0
      },
      "val_metrics": {
        "accuracy": 0.8013937282229965,
        "f1": 0.672966587917651,
        "fn": 171.0,
        "fp": 798.0,
        "loss": 0.5859380186178275,
        "precision": 0.5554317548746518,
        "recall": 0.853595890410959,
        "tn": 2913.0,
        "tp": 997.0
      }
    },
    {
      "epoch": 4,
      "train_metrics": {
        "accuracy": 0.8038532486165197,
        "f1": 0.680009553379508,
        "fn": 1059.0,
        "fp": 5640.0,
        "loss": 0.58179598049486,
        "precision": 0.5579244395673303,
        "recall": 0.8704903999021646,
        "tn": 20336.0,
        "tp": 7118.0
      },
      "val_metrics": {
        "accuracy": 0.7987292477966796,
        "f1": 0.6700268817204301,
        "fn": 171.0,
        "fp": 811.0,
        "loss": 0.5826525289666875,
        "precision": 0.5514380530973452,
        "recall": 0.853595890410959,
        "tn": 2900.0,
        "tp": 997.0
      }
    },
    {
      "epoch": 5,
      "train_metrics": {
        "accuracy": 0.8058442889350862,
        "f1": 0.6832879591154415,
        "fn": 1024.0,
        "fp": 5607.0,
        "loss": 0.5732781799705968,
        "precision": 0.5605799373040752,
        "recall": 0.8747706983001101,
        "tn": 20369.0,
        "tp": 7153.0
      },
      "val_metrics": {
        "accuracy": 0.8001639680262349,
        "f1": 0.6684801088065283,
        "fn": 185.0,
        "fp": 790.0,
        "loss": 0.5864484199468023,
        "precision": 0.5544275239706712,
        "recall": 0.8416095890410958,
        "tn": 2921.0,
        "tp": 983.0
      }
    },
    {
      "epoch": 6,
      "train_metrics": {
        "accuracy": 0.8109682897549264,
        "f1": 0.6891071944524703,
        "fn": 1022.0,
        "fp": 5434.0,
        "loss": 0.5655377546049745,
        "precision": 0.5683533243307649,
        "recall": 0.8750152867799926,
        "tn": 20542.0,
        "tp": 7155.0
      },
      "val_metrics": {
        "accuracy": 0.7948350071736011,
        "f1": 0.6635294117647059,
        "fn": 181.0,
        "fp": 820.0,
        "loss": 0.5833342550205974,
        "precision": 0.5462091864969563,
        "recall": 0.8450342465753424,
        "tn": 2891.0,
        "tp": 987.0
      }
    },
    {
      "epoch": 7,
      "train_metrics": {
        "accuracy": 0.811319649811144,
        "f1": 0.6891161713624083,
        "fn": 1035.0,
        "fp": 5409.0,
        "loss": 0.5616125441262814,
        "precision": 0.5690383236395506,
        "recall": 0.8734254616607557,
        "tn": 20567.0,
        "tp": 7142.0
      },
      "val_metrics": {
        "accuracy": 0.8009838081574093,
        "f1": 0.6716266486303687,
        "fn": 175.0,
        "fp": 796.0,
        "loss": 0.5740248582040123,
        "precision": 0.5550586920067077,
        "recall": 0.8501712328767124,
        "tn": 2915.0,
        "tp": 993.0
      }
    },
    {
      "epoch": 8,
      "train_metrics": {
        "accuracy": 0.8128422100547537,
        "f1": 0.6912375615882522,
        "fn": 1022.0,
        "fp": 5370.0,
        "loss": 0.5551503010819961,
        "precision": 0.5712574850299401,
        "recall": 0.8750152867799926,
        "tn": 20606.0,
        "tp": 7155.0
      },
      "val_metrics": {
        "accuracy": 0.7938102070096331,
        "f1": 0.6697307944845698,
        "fn": 148.0,
        "fp": 858.0,
        "loss": 0.5758648154969634,
        "precision": 0.5431309904153354,
        "recall": 0.8732876712328768,
        "tn": 2853.0,
        "tp": 1020.0
      }
    },
    {
      "epoch": 9,
      "train_metrics": {
        "accuracy": 0.8114660498345679,
        "f1": 0.6901496559357105,
        "fn": 1006.0,
        "fp": 5433.0,
        "loss": 0.5533514984690057,
        "precision": 0.5689463662329419,
        "recall": 0.8769719946190534,
        "tn": 20543.0,
        "tp": 7171.0
      },
      "val_metrics": {
        "accuracy": 0.7979094076655052,
        "f1": 0.6732935719019219,
        "fn": 152.0,
        "fp": 834.0,
        "loss": 0.5709996738255965,
        "precision": 0.5491891891891892,
        "recall": 0.8698630136986302,
        "tn": 2877.0,
        "tp": 1016.0
      }
    },
    {
      "epoch": 10,
      "train_metrics": {
        "accuracy": 0.8137791702046673,
        "f1": 0.6928129829984545,
        "fn": 1005.0,
        "fp": 5355.0,
        "loss": 0.5472757901987757,
        "precision": 0.5725233495649398,
        "recall": 0.8770942888589948,
        "tn": 20621.0,
        "tp": 7172.0
      },
      "val_metrics": {
        "accuracy": 0.8005738880918221,
        "f1": 0.6716166047924401,
        "fn": 173.0,
        "fp": 800.0,
        "loss": 0.5747922800632499,
        "precision": 0.5543175487465181,
        "recall": 0.8518835616438356,
        "tn": 2911.0,
        "tp": 995.0
      }
    },
    {
      "epoch": 11,
      "train_metrics": {
        "accuracy": 0.8153310104529616,
        "f1": 0.6952109408978883,
        "fn": 984.0,
        "fp": 5323.0,
        "loss": 0.5440349217334213,
        "precision": 0.5747043783956536,
        "recall": 0.879662467897762,
        "tn": 20653.0,
        "tp": 7193.0
      },
      "val_metrics": {
        "accuracy": 0.7950399672063948,
        "f1": 0.6723460026212319,
        "fn": 142.0,
        "fp": 858.0,
        "loss": 0.5758959086709982,
        "precision": 0.5445859872611465,
        "recall": 0.8784246575342466,
        "tn": 2853.0,
        "tp": 1026.0
      }
    },
    {
      "epoch": 12,
      "train_metrics": {
        "accuracy": 0.8172342107574737,
        "f1": 0.6973135486373777,
        "fn": 987.0,
        "fp": 5255.0,
        "loss": 0.538041373780087,
        "precision": 0.57774206508638,
        "recall": 0.8792955851779382,
        "tn": 20721.0,
        "tp": 7190.0
      },
      "val_metrics": {
        "accuracy": 0.7985242877638861,
        "f1": 0.6709072648141948,
        "fn": 166.0,
        "fp": 817.0,
        "loss": 0.5861438373777558,
        "precision": 0.5508521165475536,
        "recall": 0.8578767123287672,
        "tn": 2894.0,
        "tp": 1002.0
      }
    },
    {
      "epoch": 13,
      "train_metrics": {
        "accuracy": 0.8176148508183761,
        "f1": 0.6983973272648042,
        "fn": 965.0,
        "fp": 5264.0,
        "loss": 0.5360031293411853,
        "precision": 0.578069894196858,