{
  "best_epoch": 9,
  "best_train_metrics": {
    "accuracy": 0.8114660498345679,
    "f1": 0.6901496559357105,
    "fn": 1006.0,
    "fp": 5433.0,
    "loss": 0.5533514984690057,
    "precision": 0.5689463662329419,
    "recall": 0.8769719946190534,
    "tn": 20543.0,
    "tp": 7171.0
  },
  "best_val_metrics": {
    "accuracy": 0.7979094076655052,
    "f1": 0.6732935719019219,
    "fn": 152.0,
    "fp": 834.0,
    "loss": 0.5709996738255965,
    "precision": 0.5491891891891892,
    "recall": 0.8698630136986302,
    "tn": 2877.0,
    "tp": 1016.0
  },
  "config": {
    "artifact_root": "artifacts",
    "batch_size": 256,
    "epochs": 25,
    "final_evaluation": false,
    "model": {
      "activation": "relu",
      "dropout": 0.2,
      "hidden_dims": [
        256,
        128,
        64
      ],
      "use_batch_norm": true
    },
    "optimizer": {
      "learning_rate": 0.0005,
      "name": "adamw",
      "weight_decay": 0.0005
    },
    "patience": 5,
    "run_name": "tune_adamw_wd5e4",
    "seed": 42,
    "threshold": 0.5
  },
  "device": "cuda",
  "duration_seconds": 31.22,
  "epochs_completed": 14,
  "input_dim": 90,
  "leaderboard_rank": 3,
  "parameter_count": 65409,
  "run_dir": "artifacts/runs/tune_adamw_wd5e4",
  "run_name": "tune_adamw_wd5e4",
  "summary_text": "Best validation loss was 0.5710 with validation F1 0.6733 at epoch 9. Test evaluation was skipped for this run.",
  "test_metrics": null
}