{
  "epochs": [
    {
      "epoch": 1,
      "train_metrics": {
        "accuracy": 0.7603724416595906,
        "f1": 0.638004246284501,
        "fn": 965.0,
        "fp": 7219.0,
        "loss": 0.6686953307699013,
        "precision": 0.4997574665650336,
        "recall": 0.8819860584566467,
        "tn": 18757.0,
        "tp": 7212.0
      },
      "val_metrics": {
        "accuracy": 0.7831522853043656,
        "f1": 0.6617647058823529,
        "fn": 133.0,
        "fp": 925.0,
        "loss": 0.6160048978156207,
        "precision": 0.5280612244897959,
        "recall": 0.8861301369863014,
        "tn": 2786.0,
        "tp": 1035.0
      }
    },
    {
      "epoch": 2,
      "train_metrics": {
        "accuracy": 0.7933124469299915,
        "f1": 0.6696925740489449,
        "fn": 1021.0,
        "fp": 6038.0,
        "loss": 0.6115603677260245,
        "precision": 0.5423677429134455,
        "recall": 0.875137581019934,
        "tn": 19938.0,
        "tp": 7156.0
      },
      "val_metrics": {
        "accuracy": 0.7905308464849354,
        "f1": 0.662037037037037,
        "fn": 167.0,
        "fp": 855.0,
        "loss": 0.5997929138149192,
        "precision": 0.5393318965517241,
        "recall": 0.8570205479452054,
        "tn": 2856.0,
        "tp": 1001.0
      }
    },
    {
      "epoch": 3,
      "train_metrics": {
        "accuracy": 0.7973238075718092,
        "f1": 0.6735829482222012,
        "fn": 1035.0,
        "fp": 5887.0,
        "loss": 0.5926533344496823,
        "precision": 0.5481617929234784,
        "recall": 0.8734254616607557,
        "tn": 20089.0,
        "tp": 7142.0
      },
      "val_metrics": {
        "accuracy": 0.8003689280590285,
        "f1": 0.6711681296421337,
        "fn": 174.0,
        "fp": 800.0,
        "loss": 0.5857902569075935,
        "precision": 0.5540691192865106,
        "recall": 0.851027397260274,
        "tn": 2911.0,
        "tp": 994.0
      }
    },
    {
      "epoch": 4,
      "train_metrics": {
        "accuracy": 0.8025649284103885,
        "f1": 0.6781230607666237,
        "fn": 1074.0,
        "fp": 5669.0,
        "loss": 0.5816176738099703,
        "precision": 0.5561384278108362,
        "recall": 0.8686559863030451,
        "tn": 20307.0,
        "tp": 7103.0
      },
      "val_metrics": {
        "accuracy": 0.8015986882557902,
        "f1": 0.6740740740740742,
        "fn": 167.0,
        "fp": 801.0,
        "loss": 0.5825836525195005,
        "precision": 0.5554938956714761,
        "recall": 0.8570205479452054,
        "tn": 2910.0,
        "tp": 1001.0
      }
    },
    {
      "epoch": 5,
      "train_metrics": {
        "accuracy": 0.8049951687992271,
        "f1": 0.6822822249785326,
        "fn": 1026.0,
        "fp": 5634.0,
        "loss": 0.5738420395995221,
        "precision": 0.559327336722722,
        "recall": 0.8745261098202275,
        "tn": 20342.0,
        "tp": 7151.0
      },
      "val_metrics": {
        "accuracy": 0.8011887681902029,
        "f1": 0.6687158469945356,
        "fn": 189.0,
        "fp": 781.0,
        "loss": 0.5854202543377118,
        "precision": 0.55625,
        "recall": 0.8381849315068494,
        "tn": 2930.0,
        "tp": 979.0
      }
    },
    {
      "epoch": 6,
      "train_metrics": {
        "accuracy": 0.8112903698064592,
        "f1": 0.6893526774955416,
        "fn": 1026.0,
        "fp": 5419.0,
        "loss": 0.5653531310694656,
        "precision": 0.5688941925218775,
        "recall": 0.8745261098202275,
        "tn": 20557.0,
        "tp": 7151.0
      },
      "val_metrics": {
        "accuracy": 0.7987292477966796,
        "f1": 0.670690811535882,
        "fn": 168.0,
        "fp": 814.0,
        "loss": 0.5824522866433604,
        "precision": 0.5512679162072768,
        "recall": 0.8561643835616438,
        "tn": 2897.0,
        "tp": 1000.0
      }
    },
    {
      "epoch": 7,
      "train_metrics": {
        "accuracy": 0.8106462097033935,
        "f1": 0.6882622318630995,
        "fn": 1038.0,
        "fp": 5429.0,
        "loss": 0.5619568581518707,
        "precision": 0.5680299172501592,
        "recall": 0.8730585789409319,
        "tn": 20547.0,
        "tp": 7139.0
      },
      "val_metrics": {
        "accuracy": 0.8013937282229965,
        "f1": 0.6705202312138728,
        "fn": 182.0,
        "fp": 787.0,
        "loss": 0.5735094801865046,
        "precision": 0.5561195713479977,
        "recall": 0.8441780821917808,
        "tn": 2924.0,
        "tp": 986.0
      }
    },
    {
      "epoch": 8,
      "train_metrics": {
        "accuracy": 0.813222850115656,
        "f1": 0.6914929631958214,
        "fn": 1028.0,
        "fp": 5351.0,
        "loss": 0.5546923931429013,
        "precision": 0.57192,
        "recall": 0.8742815213403449,
        "tn": 20625.0,
        "tp": 7149.0
      },
      "val_metrics": {
        "accuracy": 0.7956548473047755,
        "f1": 0.6723627998685507,
        "fn": 145.0,
        "fp": 852.0,
        "loss": 0.5754526636106456,
        "precision": 0.5456,
        "recall": 0.8758561643835616,
        "tn": 2859.0,
        "tp": 1023.0
      }
    },
    {
      "epoch": 9,
      "train_metrics": {
        "accuracy": 0.8106169296987088,
        "f1": 0.688799076212471,
        "fn": 1019.0,
        "fp": 5449.0,
        "loss": 0.5542081893860388,
        "precision": 0.5677798048703101,
        "recall": 0.8753821694998165,
        "tn": 20527.0,
        "tp": 7158.0
      },
      "val_metrics": {
        "accuracy": 0.7983193277310925,
        "f1": 0.6741721854304635,
        "fn": 150.0,
        "fp": 834.0,
        "loss": 0.5730684570025948,
        "precision": 0.5496760259179265,
        "recall": 0.8715753424657534,
        "tn": 2877.0,
        "tp": 1018.0
      }
    },
    {
      "epoch": 10,
      "train_metrics": {
        "accuracy": 0.813515650162504,
        "f1": 0.6921552515829668,
        "fn": 1017.0,
        "fp": 5352.0,
        "loss": 0.5486320166888985,
        "precision": 0.5722506393861893,
        "recall": 0.8756267579796991,
        "tn": 20624.0,
        "tp": 7160.0
      },
      "val_metrics": {
        "accuracy": 0.8007788481246157,
        "f1": 0.6722859069453809,
        "fn": 171.0,
        "fp": 801.0,
        "loss": 0.5751594524692379,
        "precision": 0.5545050055617352,
        "recall": 0.853595890410959,
        "tn": 2910.0,
        "tp": 997.0
      }
    },
    {
      "epoch": 11,
      "train_metrics": {
        "accuracy": 0.8152138904342224,
        "f1": 0.694752116082225,
        "fn": 995.0,
        "fp": 5316.0,
        "loss": 0.543750487970642,
        "precision": 0.5746519443110898,
        "recall": 0.8783172312584078,
        "tn": 20660.0,
        "tp": 7182.0
      },
      "val_metrics": {
        "accuracy": 0.7974994875999181,
        "f1": 0.6752136752136751,
        "fn": 141.0,
        "fp": 847.0,
        "loss": 0.5746279564224371,
        "precision": 0.548025613660619,
        "recall": 0.8792808219178082,
        "tn": 2864.0,
        "tp": 1027.0
      }
    },
    {
      "epoch": 12,
      "train_metrics": {
        "accuracy": 0.8153602904576465,
        "f1": 0.6941210710128055,
        "fn": 1022.0,
        "fp": 5284.0,
        "loss": 0.5386737389070336,
        "precision": 0.5752070102098239,
        "recall": 0.8750152867799926,
        "tn": 20692.0,
        "tp": 7155.0
      },
      "val_metrics": {
        "accuracy": 0.7999590079934413,
        "f1": 0.6724832214765101,
        "fn": 166.0,
        "fp": 810.0,
        "loss": 0.5857875644244432,
        "precision": 0.5529801324503312,
        "recall": 0.8578767123287672,
        "tn": 2901.0,
        "tp": 1002.0
      }
    },
    {
      "epoch": 13,
      "train_metrics": {
        "accuracy": 0.8174684507949521,
        "f1": 0.6984034833091436,
        "fn": 959.0,
        "fp": 5275.0,
        "loss": 0.5361199903424633,
        "precision": 0.5777635475866485,