{
  "best_epoch": 9,
  "best_train_metrics": {
    "accuracy": 0.8106169296987088,
    "f1": 0.688799076212471,
    "fn": 1019.0,
    "fp": 5449.0,
    "loss": 0.5542081893860388,
    "precision": 0.5677798048703101,
    "recall": 0.8753821694998165,
    "tn": 20527.0,
    "tp": 7158.0
  },
  "best_val_metrics": {
    "accuracy": 0.7983193277310925,
    "f1": 0.6741721854304635,
    "fn": 150.0,
    "fp": 834.0,
    "loss": 0.5730684570025948,
    "precision": 0.5496760259179265,
    "recall": 0.8715753424657534,
    "tn": 2877.0,
    "tp": 1018.0
  },
  "config": {
    "artifact_root": "artifacts",
    "batch_size": 256,
    "epochs": 25,
    "final_evaluation": false,
    "model": {
      "activation": "relu",
      "dropout": 0.2,
      "hidden_dims": [
        256,
        128,
        64
      ],
      "use_batch_norm": true
    },
    "optimizer": {
      "learning_rate": 0.0005,
      "name": "adamw",
      "weight_decay": 0.0001
    },
    "patience": 5,
    "run_name": "tune_adamw_lr5e4_wd1e4_02",
    "seed": 42,
    "threshold": 0.5
  },
  "device": "cuda",
  "duration_seconds": 48.54,
  "epochs_completed": 14,
  "input_dim": 90,
  "leaderboard_rank": 1,
  "parameter_count": 65409,
  "run_dir": "artifacts/runs/tune_adamw_lr5e4_wd1e4_02",
  "run_name": "tune_adamw_lr5e4_wd1e4_02",
  "summary_text": "Best validation loss was 0.5731 with validation F1 0.6742 at epoch 9. Test evaluation was skipped for this run.",
  "test_metrics": null
}