{
  "epochs": [
    {
      "epoch": 1,
      "train_metrics": {
        "accuracy": 0.7681316429010628,
        "f1": 0.6419820064198201,
        "fn": 1077.0,
        "fp": 6842.0,
        "loss": 0.6686953307699013,
        "precision": 0.5092526179888108,
        "recall": 0.8682891035832212,
        "tn": 19134.0,
        "tp": 7100.0
      },
      "val_metrics": {
        "accuracy": 0.7888911662225866,
        "f1": 0.6649316851008458,
        "fn": 146.0,
        "fp": 884.0,
        "loss": 0.6160048978156207,
        "precision": 0.5362014690451207,
        "recall": 0.875,
        "tn": 2827.0,
        "tp": 1022.0
      }
    },
    {
      "epoch": 2,
      "train_metrics": {
        "accuracy": 0.7990806078528973,
        "f1": 0.6735490009514747,
        "fn": 1098.0,
        "fp": 5764.0,
        "loss": 0.6115603677260245,
        "precision": 0.551195203612863,
        "recall": 0.8657209245444539,
        "tn": 20212.0,
        "tp": 7079.0
      },
      "val_metrics": {
        "accuracy": 0.79647468743595,
        "f1": 0.6659939455095862,
        "fn": 178.0,
        "fp": 815.0,
        "loss": 0.5997929138149192,
        "precision": 0.5484764542936288,
        "recall": 0.8476027397260274,
        "tn": 2896.0,
        "tp": 990.0
      }
    },
    {
      "epoch": 3,
      "train_metrics": {
        "accuracy": 0.8026234884197582,
        "f1": 0.6765510292212465,
        "fn": 1127.0,
        "fp": 5614.0,
        "loss": 0.5926533344496823,
        "precision": 0.5566961465571699,
        "recall": 0.8621743915861563,
        "tn": 20362.0,
        "tp": 7050.0
      },
      "val_metrics": {
        "accuracy": 0.8028284484525517,
        "f1": 0.670998632010944,
        "fn": 187.0,
        "fp": 775.0,
        "loss": 0.5857902569075935,
        "precision": 0.5586560364464692,
        "recall": 0.8398972602739726,
        "tn": 2936.0,
        "tp": 981.0
      }
    },
    {
      "epoch": 4,
      "train_metrics": {
        "accuracy": 0.8085087693614031,
        "f1": 0.68230836490819,
        "fn": 1154.0,
        "fp": 5386.0,
        "loss": 0.5816176738099703,
        "precision": 0.5659601901845435,
        "recall": 0.8588724471077412,
        "tn": 20590.0,
        "tp": 7023.0
      },
      "val_metrics": {
        "accuracy": 0.8059028489444559,
        "f1": 0.6769020812009553,
        "fn": 176.0,
        "fp": 771.0,
        "loss": 0.5825836525195005,
        "precision": 0.5626772546795236,
        "recall": 0.8493150684931506,
        "tn": 2940.0,
        "tp": 992.0
      }
    },
    {
      "epoch": 5,
      "train_metrics": {
        "accuracy": 0.811612449857992,
        "f1": 0.6871231277961487,
        "fn": 1112.0,
        "fp": 5322.0,
        "loss": 0.5738420395995221,
        "precision": 0.5703560184063938,
        "recall": 0.8640088051852758,
        "tn": 20654.0,
        "tp": 7065.0
      },
      "val_metrics": {
        "accuracy": 0.8065177290428367,
        "f1": 0.6722222222222223,
        "fn": 200.0,
        "fp": 744.0,
        "loss": 0.5854202543377118,
        "precision": 0.5654205607476636,
        "recall": 0.8287671232876712,
        "tn": 2967.0,
        "tp": 968.0
      }
    },
    {
      "epoch": 6,
      "train_metrics": {
        "accuracy": 0.8158873305419729,
        "f1": 0.6918553366656867,
        "fn": 1118.0,
        "fp": 5170.0,
        "loss": 0.5653531310694656,
        "precision": 0.5772344427181291,
        "recall": 0.863275039745628,
        "tn": 20806.0,
        "tp": 7059.0
      },
      "val_metrics": {
        "accuracy": 0.8026234884197582,
        "f1": 0.6707692307692308,
        "fn": 187.0,
        "fp": 776.0,
        "loss": 0.5824522866433604,
        "precision": 0.5583380762663631,
        "recall": 0.8398972602739726,
        "tn": 2935.0,
        "tp": 981.0
      }
    },
    {
      "epoch": 7,
      "train_metrics": {
        "accuracy": 0.8161801305888209,
        "f1": 0.6918924224577935,
        "fn": 1128.0,
        "fp": 5150.0,
        "loss": 0.5619568581518707,
        "precision": 0.5778342487089105,
        "recall": 0.862052097346215,
        "tn": 20826.0,
        "tp": 7049.0
      },
      "val_metrics": {
        "accuracy": 0.8071326091412174,
        "f1": 0.6742817583939079,
        "fn": 194.0,
        "fp": 747.0,
        "loss": 0.5735094801865046,
        "precision": 0.5659500290528763,
        "recall": 0.833904109589041,
        "tn": 2964.0,
        "tp": 974.0
      }
    },
    {
      "epoch": 8,
      "train_metrics": {
        "accuracy": 0.8186982109917138,
        "f1": 0.6954554397009641,
        "fn": 1107.0,
        "fp": 5085.0,
        "loss": 0.5546923931429013,
        "precision": 0.5816536404771699,
        "recall": 0.8646202763849823,
        "tn": 20891.0,
        "tp": 7070.0
      },
      "val_metrics": {
        "accuracy": 0.7985242877638861,
        "f1": 0.6717863105175291,
        "fn": 162.0,
        "fp": 821.0,
        "loss": 0.5754526636106456,
        "precision": 0.5506294471811713,
        "recall": 0.8613013698630136,
        "tn": 2890.0,
        "tp": 1006.0
      }
    },
    {
      "epoch": 9,
      "train_metrics": {
        "accuracy": 0.8165607706497233,
        "f1": 0.6934481577530949,
        "fn": 1091.0,
        "fp": 5174.0,
        "loss": 0.5542081893860388,
        "precision": 0.5779771615008157,
        "recall": 0.8665769842240431,
        "tn": 20802.0,
        "tp": 7086.0
      },
      "val_metrics": {
        "accuracy": 0.8003689280590285,
        "f1": 0.6724949562878278,
        "fn": 168.0,
        "fp": 806.0,
        "loss": 0.5730684570025948,
        "precision": 0.5537098560354374,
        "recall": 0.8561643835616438,
        "tn": 2905.0,
        "tp": 1000.0
      }
    },
    {
      "epoch": 10,
      "train_metrics": {
        "accuracy": 0.8170292507246801,
        "f1": 0.6930595805294955,
        "fn": 1122.0,
        "fp": 5127.0,
        "loss": 0.5486320166888985,
        "precision": 0.5791331472664587,
        "recall": 0.8627858627858628,
        "tn": 20849.0,
        "tp": 7055.0
      },
      "val_metrics": {
        "accuracy": 0.806312769010043,
        "f1": 0.6753692889041566,
        "fn": 185.0,
        "fp": 760.0,
        "loss": 0.5751594524692379,
        "precision": 0.5639701663798049,
        "recall": 0.8416095890410958,
        "tn": 2951.0,
        "tp": 983.0
      }
    },
    {
      "epoch": 11,
      "train_metrics": {
        "accuracy": 0.8197815711650513,
        "f1": 0.6972603413506467,
        "fn": 1089.0,
        "fp": 5066.0,
        "loss": 0.543750487970642,
        "precision": 0.5831824913608689,
        "recall": 0.8668215727039257,
        "tn": 20910.0,
        "tp": 7088.0
      },
      "val_metrics": {
        "accuracy": 0.8034433285509326,
        "f1": 0.6789420823568798,
        "fn": 154.0,
        "fp": 805.0,
        "loss": 0.5746279564224371,
        "precision": 0.5574491478834525,
        "recall": 0.8681506849315068,
        "tn": 2906.0,
        "tp": 1014.0
      }
    },
    {
      "epoch": 12,
      "train_metrics": {
        "accuracy": 0.8209234913477587,
        "f1": 0.6983030781373323,
        "fn": 1099.0,
        "fp": 5017.0,
        "loss": 0.5386737389070336,
        "precision": 0.5852004960727574,
        "recall": 0.8655986303045127,
        "tn": 20959.0,
        "tp": 7078.0
      },
      "val_metrics": {
        "accuracy": 0.8048780487804879,
        "f1": 0.6750853242320819,
        "fn": 179.0,
        "fp": 773.0,
        "loss": 0.5857875644244432,
        "precision": 0.5612939841089671,
        "recall": 0.8467465753424658,
        "tn": 2938.0,
        "tp": 989.0
      }
    },
    {
      "epoch": 13,
      "train_metrics": {
        "accuracy": 0.8217726114836178,
        "f1": 0.7006344366301087,
        "fn": 1054.0,
        "fp": 5033.0,
        "loss": 0.5361199903424633,
        "precision": 0.5859657782165186,