{
  "best_epoch": 9,
  "best_train_metrics": {
    "accuracy": 0.8165607706497233,
    "f1": 0.6934481577530949,
    "fn": 1091.0,
    "fp": 5174.0,
    "loss": 0.5542081893860388,
    "precision": 0.5779771615008157,
    "recall": 0.8665769842240431,
    "tn": 20802.0,
    "tp": 7086.0
  },
  "best_val_metrics": {
    "accuracy": 0.8003689280590285,
    "f1": 0.6724949562878278,
    "fn": 168.0,
    "fp": 806.0,
    "loss": 0.5730684570025948,
    "precision": 0.5537098560354374,
    "recall": 0.8561643835616438,
    "tn": 2905.0,
    "tp": 1000.0
  },
  "config": {
    "artifact_root": "artifacts",
    "batch_size": 256,
    "epochs": 25,
    "final_evaluation": false,
    "model": {
      "activation": "relu",
      "dropout": 0.2,
      "hidden_dims": [
        256,
        128,
        64
      ],
      "use_batch_norm": true
    },
    "optimizer": {
      "learning_rate": 0.0005,
      "name": "adamw",
      "weight_decay": 0.0001
    },
    "patience": 5,
    "run_name": "tune_adamw_thr052",
    "seed": 42,
    "threshold": 0.52
  },
  "device": "cuda",
  "duration_seconds": 39.41,
  "epochs_completed": 14,
  "input_dim": 90,
  "leaderboard_rank": 3,
  "parameter_count": 65409,
  "run_dir": "artifacts/runs/tune_adamw_thr052",
  "run_name": "tune_adamw_thr052",
  "summary_text": "Best validation loss was 0.5731 with validation F1 0.6725 at epoch 9. Test evaluation was skipped for this run.",
  "test_metrics": null
}