{
  "epochs": [
    {
      "epoch": 1,
      "train_metrics": {
        "accuracy": 0.7726700436272069,
        "f1": 0.6465768390386016,
        "fn": 1075.0,
        "fp": 6689.0,
        "loss": 0.6658859692499326,
        "precision": 0.5149735334638532,
        "recall": 0.8685336920631038,
        "tn": 19287.0,
        "tp": 7102.0
      },
      "val_metrics": {
        "accuracy": 0.8024185283869646,
        "f1": 0.678237650200267,
        "fn": 152.0,
        "fp": 812.0,
        "loss": 0.5927067908150516,
        "precision": 0.5557986870897156,
        "recall": 0.8698630136986302,
        "tn": 2899.0,
        "tp": 1016.0
      }
    },
    {
      "epoch": 2,
      "train_metrics": {
        "accuracy": 0.8002810880449741,
        "f1": 0.6717674799095328,
        "fn": 1197.0,
        "fp": 5624.0,
        "loss": 0.6079143323134046,
        "precision": 0.5537924468422722,
        "recall": 0.8536137947902653,
        "tn": 20352.0,
        "tp": 6980.0
      },
      "val_metrics": {
        "accuracy": 0.8030334084853453,
        "f1": 0.6797734088637121,
        "fn": 148.0,
        "fp": 813.0,
        "loss": 0.5800550172907526,
        "precision": 0.5564648117839607,
        "recall": 0.8732876712328768,
        "tn": 2898.0,
        "tp": 1020.0
      }
    },
    {
      "epoch": 3,
      "train_metrics": {
        "accuracy": 0.8080110092817615,
        "f1": 0.6801931424669561,
        "fn": 1204.0,
        "fp": 5353.0,
        "loss": 0.5881804006202949,
        "precision": 0.5657147493104008,
        "recall": 0.8527577351106763,
        "tn": 20623.0,
        "tp": 6973.0
      },
      "val_metrics": {
        "accuracy": 0.8040582086493134,
        "f1": 0.6798392498325518,
        "fn": 153.0,
        "fp": 803.0,
        "loss": 0.5724892248797548,
        "precision": 0.5583058305830583,
        "recall": 0.8690068493150684,
        "tn": 2908.0,
        "tp": 1015.0
      }
    },
    {
      "epoch": 4,
      "train_metrics": {
        "accuracy": 0.8101191696190672,
        "f1": 0.681842712063975,
        "fn": 1228.0,
        "fp": 5257.0,
        "loss": 0.5786919246179811,
        "precision": 0.5693101753236114,
        "recall": 0.8498226733520852,
        "tn": 20719.0,
        "tp": 6949.0
      },
      "val_metrics": {
        "accuracy": 0.79647468743595,
        "f1": 0.6766525561706286,
        "fn": 129.0,
        "fp": 864.0,
        "loss": 0.5644885447028231,
        "precision": 0.5459800315291645,
        "recall": 0.889554794520548,
        "tn": 2847.0,
        "tp": 1039.0
      }
    },
    {
      "epoch": 5,
      "train_metrics": {
        "accuracy": 0.8125201300032208,
        "f1": 0.6861428361354835,
        "fn": 1178.0,
        "fp": 5225.0,
        "loss": 0.5694369563029367,
        "precision": 0.5725621727748691,
        "recall": 0.8559373853491501,
        "tn": 20751.0,
        "tp": 6999.0
      },
      "val_metrics": {
        "accuracy": 0.8122566099610576,
        "f1": 0.6903313049357673,
        "fn": 147.0,
        "fp": 769.0,
        "loss": 0.5586383737277046,
        "precision": 0.570391061452514,
        "recall": 0.8741438356164384,
        "tn": 2942.0,
        "tp": 1021.0
      }
    },
    {
      "epoch": 6,
      "train_metrics": {
        "accuracy": 0.8139255702280912,
        "f1": 0.6879756468797564,
        "fn": 1171.0,
        "fp": 5184.0,
        "loss": 0.5636589566642005,
        "precision": 0.5747333880229697,
        "recall": 0.8567934450287391,
        "tn": 20792.0,
        "tp": 7006.0
      },
      "val_metrics": {
        "accuracy": 0.7952449272391884,
        "f1": 0.6776379477250726,
        "fn": 118.0,
        "fp": 881.0,
        "loss": 0.5583212137173423,
        "precision": 0.5437597099948214,
        "recall": 0.898972602739726,
        "tn": 2830.0,
        "tp": 1050.0
      }
    },
    {
      "epoch": 7,
      "train_metrics": {
        "accuracy": 0.8190202910432466,
        "f1": 0.6942066986592785,
        "fn": 1161.0,
        "fp": 5020.0,
        "loss": 0.5553297208011215,
        "precision": 0.582917912927883,
        "recall": 0.8580163874281521,
        "tn": 20956.0,
        "tp": 7016.0
      },
      "val_metrics": {
        "accuracy": 0.8030334084853453,
        "f1": 0.6814716605899901,
        "fn": 140.0,
        "fp": 821.0,
        "loss": 0.5573871900224617,
        "precision": 0.5559762033531639,
        "recall": 0.8801369863013698,
        "tn": 2890.0,
        "tp": 1028.0
      }
    },
    {
      "epoch": 8,
      "train_metrics": {
        "accuracy": 0.8182004509120722,
        "f1": 0.6934584053320169,
        "fn": 1154.0,
        "fp": 5055.0,
        "loss": 0.5549866917920218,
        "precision": 0.5814704421261798,
        "recall": 0.8588724471077412,
        "tn": 20921.0,
        "tp": 7023.0
      },
      "val_metrics": {
        "accuracy": 0.8046730887476942,
        "f1": 0.6837039495519417,
        "fn": 138.0,
        "fp": 815.0,
        "loss": 0.5541113787106399,
        "precision": 0.5582655826558266,
        "recall": 0.8818493150684932,
        "tn": 2896.0,
        "tp": 1030.0
      }
    },
    {
      "epoch": 9,
      "train_metrics": {
        "accuracy": 0.8179369308699089,
        "f1": 0.694236821400472,
        "fn": 1118.0,
        "fp": 5100.0,
        "loss": 0.550390507055649,
        "precision": 0.5805576116456945,
        "recall": 0.863275039745628,
        "tn": 20876.0,
        "tp": 7059.0
      },
      "val_metrics": {
        "accuracy": 0.8190202910432466,
        "f1": 0.6924416579588992,
        "fn": 174.0,
        "fp": 709.0,
        "loss": 0.5556968772575048,
        "precision": 0.5836758661186142,
        "recall": 0.851027397260274,
        "tn": 3002.0,
        "tp": 994.0
      }
    },
    {
      "epoch": 10,
      "train_metrics": {
        "accuracy": 0.8174684507949521,
        "f1": 0.692573232074169,
        "fn": 1155.0,
        "fp": 5079.0,
        "loss": 0.5440973827937537,
        "precision": 0.5802826212709693,
        "recall": 0.8587501528677999,
        "tn": 20897.0,
        "tp": 7022.0
      },
      "val_metrics": {
        "accuracy": 0.8132814101250256,
        "f1": 0.6902414144848691,
        "fn": 153.0,
        "fp": 758.0,
        "loss": 0.5572861857432815,
        "precision": 0.5724760293288212,
        "recall": 0.8690068493150684,
        "tn": 2953.0,
        "tp": 1015.0
      }
    },
    {
      "epoch": 11,
      "train_metrics": {
        "accuracy": 0.8179076508652241,
        "f1": 0.6944430796442785,
        "fn": 1110.0,
        "fp": 5109.0,
        "loss": 0.5426623420537598,
        "precision": 0.580404073587385,
        "recall": 0.8642533936651584,
        "tn": 20867.0,
        "tp": 7067.0
      },
      "val_metrics": {
        "accuracy": 0.8132814101250256,
        "f1": 0.6889723455104131,
        "fn": 159.0,
        "fp": 752.0,
        "loss": 0.5600839993655132,
        "precision": 0.5729699034639409,
        "recall": 0.8638698630136986,
        "tn": 2959.0,
        "tp": 1009.0
      }
    },
    {
      "epoch": 12,
      "train_metrics": {
        "accuracy": 0.8197522911603666,
        "f1": 0.6971068687266286,
        "fn": 1093.0,
        "fp": 5063.0,
        "loss": 0.5429493987559924,
        "precision": 0.5831892648390549,
        "recall": 0.8663323957441604,
        "tn": 20913.0,
        "tp": 7084.0
      },
      "val_metrics": {
        "accuracy": 0.8056978889116623,
        "f1": 0.6835781041388518,
        "fn": 144.0,
        "fp": 804.0,
        "loss": 0.5575771179751896,
        "precision": 0.5601750547045952,
        "recall": 0.8767123287671232,
        "tn": 2907.0,
        "tp": 1024.0
      }
    },
    {
      "epoch": 13,
      "train_metrics": {
        "accuracy": 0.8200158112025298,
        "f1": 0.6973561124513811,
        "fn": 1095.0,
        "fp": 5052.0,
        "loss": 0.5327272228596658,