{
  "best_epoch": 8,
  "best_train_metrics": {
    "accuracy": 0.8182004509120722,
    "f1": 0.6934584053320169,
    "fn": 1154.0,
    "fp": 5055.0,
    "loss": 0.5549866917920218,
    "precision": 0.5814704421261798,
    "recall": 0.8588724471077412,
    "tn": 20921.0,
    "tp": 7023.0
  },
  "best_val_metrics": {
    "accuracy": 0.8046730887476942,
    "f1": 0.6837039495519417,
    "fn": 138.0,
    "fp": 815.0,
    "loss": 0.5541113787106399,
    "precision": 0.5582655826558266,
    "recall": 0.8818493150684932,
    "tn": 2896.0,
    "tp": 1030.0
  },
  "config": {
    "artifact_root": "artifacts",
    "batch_size": 128,
    "epochs": 35,
    "final_evaluation": false,
    "model": {
      "activation": "relu",
      "dropout": 0.2,
      "hidden_dims": [
        256,
        128,
        64
      ],
      "use_batch_norm": true
    },
    "optimizer": {
      "learning_rate": 0.0005,
      "name": "adamw",
      "weight_decay": 0.0005
    },
    "patience": 6,
    "run_name": "tune_adamw_bs128_wd5e4_ep35_pat6_seed7",
    "seed": 7,
    "threshold": 0.52
  },
  "device": "cuda",
  "duration_seconds": 38.97,
  "epochs_completed": 14,
  "input_dim": 91,
  "leaderboard_rank": 1,
  "parameter_count": 65665,
  "run_dir": "artifacts/runs/tune_adamw_bs128_wd5e4_ep35_pat6_seed7",
  "run_name": "tune_adamw_bs128_wd5e4_ep35_pat6_seed7",
  "summary_text": "Best validation loss was 0.5541 with validation F1 0.6837 at epoch 8. Test evaluation was skipped for this run.",
  "test_metrics": null
}