{
  "epochs": [
    {
      "epoch": 1,
      "train_metrics": {
        "accuracy": 0.7695956431353029,
        "f1": 0.6461303233349823,
        "fn": 993.0,
        "fp": 6876.0,
        "loss": 0.6533177188244675,
        "precision": 0.5109530583214794,
        "recall": 0.8785618197382903,
        "tn": 19100.0,
        "tp": 7184.0
      },
      "val_metrics": {
        "accuracy": 0.7884812461569994,
        "f1": 0.6647173489278753,
        "fn": 145.0,
        "fp": 887.0,
        "loss": 0.6024663633414775,
        "precision": 0.5356020942408377,
        "recall": 0.8758561643835616,
        "tn": 2824.0,
        "tp": 1023.0
      }
    },
    {
      "epoch": 2,
      "train_metrics": {
        "accuracy": 0.7980850876936141,
        "f1": 0.6732373009855952,
        "fn": 1073.0,
        "fp": 5823.0,
        "loss": 0.6024283411261788,
        "precision": 0.5495474588071478,
        "recall": 0.8687782805429864,
        "tn": 20153.0,
        "tp": 7104.0
      },
      "val_metrics": {
        "accuracy": 0.7833572453371592,
        "f1": 0.6606741573033708,
        "fn": 139.0,
        "fp": 918.0,
        "loss": 0.5883985258170048,
        "precision": 0.5285053929121726,
        "recall": 0.8809931506849316,
        "tn": 2793.0,
        "tp": 1029.0
      }
    },
    {
      "epoch": 3,
      "train_metrics": {
        "accuracy": 0.8009252481480397,
        "f1": 0.6775738606724522,
        "fn": 1033.0,
        "fp": 5766.0,
        "loss": 0.5893771126375497,
        "precision": 0.5533694810224632,
        "recall": 0.8736700501406384,
        "tn": 20210.0,
        "tp": 7144.0
      },
      "val_metrics": {
        "accuracy": 0.7993441278950605,
        "f1": 0.6748588508801063,
        "fn": 152.0,
        "fp": 827.0,
        "loss": 0.5791576959041573,
        "precision": 0.5512750949538795,
        "recall": 0.8698630136986302,
        "tn": 2884.0,
        "tp": 1016.0
      }
    },
    {
      "epoch": 4,
      "train_metrics": {
        "accuracy": 0.8035604485696718,
        "f1": 0.6789798554954782,
        "fn": 1082.0,
        "fp": 5627.0,
        "loss": 0.5777015192555539,
        "precision": 0.5576953309228109,
        "recall": 0.8676776323835147,
        "tn": 20349.0,
        "tp": 7095.0
      },
      "val_metrics": {
        "accuracy": 0.7923754867800779,
        "f1": 0.6655661934631892,
        "fn": 160.0,
        "fp": 853.0,
        "loss": 0.5809644116048662,
        "precision": 0.5416442772702847,
        "recall": 0.863013698630137,
        "tn": 2858.0,
        "tp": 1008.0
      }
    },
    {
      "epoch": 5,
      "train_metrics": {
        "accuracy": 0.8055222088835534,
        "f1": 0.6817746262935991,
        "fn": 1062.0,
        "fp": 5580.0,
        "loss": 0.5722771629866082,
        "precision": 0.5604568727845608,
        "recall": 0.8701235171823407,
        "tn": 20396.0,
        "tp": 7115.0
      },
      "val_metrics": {
        "accuracy": 0.8001639680262349,
        "f1": 0.6659815005138746,
        "fn": 196.0,
        "fp": 779.0,
        "loss": 0.5864573878620364,
        "precision": 0.5551113649343232,
        "recall": 0.8321917808219178,
        "tn": 2932.0,
        "tp": 972.0
      }
    },
    {
      "epoch": 6,
      "train_metrics": {
        "accuracy": 0.8097092495534799,
        "f1": 0.687232301843207,
        "fn": 1037.0,
        "fp": 5462.0,
        "loss": 0.5658225388829609,
        "precision": 0.5665767338517695,
        "recall": 0.8731808731808732,
        "tn": 20514.0,
        "tp": 7140.0
      },
      "val_metrics": {
        "accuracy": 0.8001639680262349,
        "f1": 0.6675758608932834,
        "fn": 189.0,
        "fp": 786.0,
        "loss": 0.5839607476650581,
        "precision": 0.5546742209631728,
        "recall": 0.8381849315068494,
        "tn": 2925.0,
        "tp": 979.0
      }
    },
    {
      "epoch": 7,
      "train_metrics": {
        "accuracy": 0.8119638099142096,
        "f1": 0.6891878811344497,
        "fn": 1057.0,
        "fp": 5365.0,
        "loss": 0.561441693355394,
        "precision": 0.5702843412094514,
        "recall": 0.8707349883820472,
        "tn": 20611.0,
        "tp": 7120.0
      },
      "val_metrics": {
        "accuracy": 0.7923754867800779,
        "f1": 0.6640132669983416,
        "fn": 167.0,
        "fp": 846.0,
        "loss": 0.578165292715435,
        "precision": 0.541959935029778,
        "recall": 0.8570205479452054,
        "tn": 2865.0,
        "tp": 1001.0
      }
    },
    {
      "epoch": 8,
      "train_metrics": {
        "accuracy": 0.8106754897080783,
        "f1": 0.6889252381410564,
        "fn": 1017.0,
        "fp": 5449.0,
        "loss": 0.557635214200806,
        "precision": 0.5678483622809105,
        "recall": 0.8756267579796991,
        "tn": 20527.0,
        "tp": 7160.0
      },
      "val_metrics": {
        "accuracy": 0.7952449272391884,
        "f1": 0.6682165393556958,
        "fn": 162.0,
        "fp": 837.0,
        "loss": 0.5775423437680688,
        "precision": 0.545849158979924,
        "recall": 0.8613013698630136,
        "tn": 2874.0,
        "tp": 1006.0
      }
    },
    {
      "epoch": 9,
      "train_metrics": {
        "accuracy": 0.8136620501859281,
        "f1": 0.6931237342077347,
        "fn": 990.0,
        "fp": 5374.0,
        "loss": 0.5491097423547435,
        "precision": 0.5721678210333572,
        "recall": 0.8789287024581143,
        "tn": 20602.0,
        "tp": 7187.0
      },
      "val_metrics": {
        "accuracy": 0.8015986882557902,
        "f1": 0.6753856472166332,
        "fn": 161.0,
        "fp": 807.0,
        "loss": 0.5733390184767204,
        "precision": 0.5551267916207276,
        "recall": 0.8621575342465754,
        "tn": 2904.0,
        "tp": 1007.0
      }
    },
    {
      "epoch": 10,
      "train_metrics": {
        "accuracy": 0.8136034901765584,
        "f1": 0.6931456666345319,
        "fn": 987.0,
        "fp": 5379.0,
        "loss": 0.5481722117486058,
        "precision": 0.572042326358501,
        "recall": 0.8792955851779382,
        "tn": 20597.0,
        "tp": 7190.0
      },
      "val_metrics": {
        "accuracy": 0.805287968846075,
        "f1": 0.6762099522835718,
        "fn": 176.0,
        "fp": 774.0,
        "loss": 0.5781855692407053,
        "precision": 0.5617214043035108,
        "recall": 0.8493150684931506,
        "tn": 2937.0,
        "tp": 992.0
      }
    },
    {
      "epoch": 11,
      "train_metrics": {
        "accuracy": 0.8142183702749393,
        "f1": 0.693552282057474,
        "fn": 997.0,
        "fp": 5348.0,
        "loss": 0.5440563060066429,
        "precision": 0.5731162196679438,
        "recall": 0.8780726427785251,
        "tn": 20628.0,
        "tp": 7180.0
      },
      "val_metrics": {
        "accuracy": 0.79647468743595,
        "f1": 0.6730325979585117,
        "fn": 146.0,
        "fp": 847.0,
        "loss": 0.5753475296421602,
        "precision": 0.5468164794007491,
        "recall": 0.875,
        "tn": 2864.0,
        "tp": 1022.0
      }
    },
    {
      "epoch": 12,
      "train_metrics": {
        "accuracy": 0.8170292507246801,
        "f1": 0.6972823717482924,
        "fn": 980.0,
        "fp": 5269.0,
        "loss": 0.5413791189130059,
        "precision": 0.5773303385207765,
        "recall": 0.8801516448575272,
        "tn": 20707.0,
        "tp": 7197.0
      },
      "val_metrics": {
        "accuracy": 0.8067226890756303,
        "f1": 0.6729101630246271,
        "fn": 198.0,
        "fp": 745.0,
        "loss": 0.5859336918263828,
        "precision": 0.565597667638484,
        "recall": 0.8304794520547946,
        "tn": 2966.0,
        "tp": 970.0
      }
    },
    {
      "epoch": 13,
      "train_metrics": {
        "accuracy": 0.8160922905747665,
        "f1": 0.6962912818529085,
        "fn": 977.0,
        "fp": 5304.0,
        "loss": 0.5370002601190887,
        "precision": 0.5758157389635317,