{
  "epochs": [
    {
      "epoch": 1,
      "train_metrics": {
        "accuracy": 0.7725822036131526,
        "f1": 0.6496459019351346,
        "fn": 976.0,
        "fp": 6791.0,
        "loss": 0.646710660467524,
        "precision": 0.5146512292738707,
        "recall": 0.8806408218172924,
        "tn": 19185.0,
        "tp": 7201.0
      },
      "val_metrics": {
        "accuracy": 0.7909407665505227,
        "f1": 0.6694750486066106,
        "fn": 135.0,
        "fp": 885.0,
        "loss": 0.6018870333516957,
        "precision": 0.5385818561001042,
        "recall": 0.884417808219178,
        "tn": 2826.0,
        "tp": 1033.0
      }
    },
    {
      "epoch": 2,
      "train_metrics": {
        "accuracy": 0.8003103680496589,
        "f1": 0.6759479235959327,
        "fn": 1064.0,
        "fp": 5756.0,
        "loss": 0.5958732225355793,
        "precision": 0.5527235993472687,
        "recall": 0.8698789287024581,
        "tn": 20220.0,
        "tp": 7113.0
      },
      "val_metrics": {
        "accuracy": 0.7893010862881739,
        "f1": 0.659377070907886,
        "fn": 173.0,
        "fp": 855.0,
        "loss": 0.58848245445884,
        "precision": 0.5378378378378378,
        "recall": 0.8518835616438356,
        "tn": 2856.0,
        "tp": 995.0
      }
    },
    {
      "epoch": 3,
      "train_metrics": {
        "accuracy": 0.803531168564987,
        "f1": 0.6805370405637021,
        "fn": 1030.0,
        "fp": 5680.0,
        "loss": 0.5784525611884171,
        "precision": 0.5571840648631793,
        "recall": 0.8740369328604622,
        "tn": 20296.0,
        "tp": 7147.0
      },
      "val_metrics": {
        "accuracy": 0.8050830088132814,
        "f1": 0.6755373592630503,
        "fn": 178.0,
        "fp": 773.0,
        "loss": 0.5769492494544428,
        "precision": 0.5615428247305729,
        "recall": 0.8476027397260274,
        "tn": 2938.0,
        "tp": 990.0
      }
    },
    {
      "epoch": 4,
      "train_metrics": {
        "accuracy": 0.8056393289022926,
        "f1": 0.6817833173537873,
        "fn": 1066.0,
        "fp": 5572.0,
        "loss": 0.5706401710572663,
        "precision": 0.5606717653551999,
        "recall": 0.8696343402225755,
        "tn": 20404.0,
        "tp": 7111.0
      },
      "val_metrics": {
        "accuracy": 0.7985242877638861,
        "f1": 0.6717863105175291,
        "fn": 162.0,
        "fp": 821.0,
        "loss": 0.5751234500421366,
        "precision": 0.5506294471811713,
        "recall": 0.8613013698630136,
        "tn": 2890.0,
        "tp": 1006.0
      }
    },
    {
      "epoch": 5,
      "train_metrics": {
        "accuracy": 0.8089479694316751,
        "f1": 0.6865843700465921,
        "fn": 1030.0,
        "fp": 5495.0,
        "loss": 0.5610055479860807,
        "precision": 0.5653377630121816,
        "recall": 0.8740369328604622,
        "tn": 20481.0,
        "tp": 7147.0
      },
      "val_metrics": {
        "accuracy": 0.8046730887476942,
        "f1": 0.6712659537771646,
        "fn": 195.0,
        "fp": 758.0,
        "loss": 0.5879776290655869,
        "precision": 0.56210283073368,
        "recall": 0.8330479452054794,
        "tn": 2953.0,
        "tp": 973.0
      }
    },
    {
      "epoch": 6,
      "train_metrics": {
        "accuracy": 0.8134278101484497,
        "f1": 0.6919953596287703,
        "fn": 1019.0,
        "fp": 5353.0,
        "loss": 0.5546125757546947,
        "precision": 0.572136519862521,
        "recall": 0.8753821694998165,
        "tn": 20623.0,
        "tp": 7158.0
      },
      "val_metrics": {
        "accuracy": 0.8071326091412174,
        "f1": 0.6747321119944694,
        "fn": 192.0,
        "fp": 749.0,
        "loss": 0.5839356323763297,
        "precision": 0.5657971014492753,
        "recall": 0.8356164383561644,
        "tn": 2962.0,
        "tp": 976.0
      }
    },
    {
      "epoch": 7,
      "train_metrics": {
        "accuracy": 0.8151553304248529,
        "f1": 0.6926634535806437,
        "fn": 1063.0,
        "fp": 5250.0,
        "loss": 0.5483710177314092,
        "precision": 0.5753801358783566,
        "recall": 0.8700012229423995,
        "tn": 20726.0,
        "tp": 7114.0
      },
      "val_metrics": {
        "accuracy": 0.8018036482885837,
        "f1": 0.6725364036572977,
        "fn": 175.0,
        "fp": 792.0,
        "loss": 0.5755170712243292,
        "precision": 0.5563025210084034,
        "recall": 0.8501712328767124,
        "tn": 2919.0,
        "tp": 993.0
      }
    },
    {
      "epoch": 8,
      "train_metrics": {
        "accuracy": 0.8174391707902673,
        "f1": 0.6967559943582511,
        "fn": 1014.0,
        "fp": 5221.0,
        "loss": 0.5431465873958264,
        "precision": 0.5784076227390181,
        "recall": 0.875993640699523,
        "tn": 20755.0,
        "tp": 7163.0
      },
      "val_metrics": {
        "accuracy": 0.7972945275671244,
        "f1": 0.6684545759302716,
        "fn": 171.0,
        "fp": 818.0,
        "loss": 0.582944556982162,
        "precision": 0.5493112947658402,
        "recall": 0.853595890410959,
        "tn": 2893.0,
        "tp": 997.0
      }
    },
    {
      "epoch": 9,
      "train_metrics": {
        "accuracy": 0.8169999707199953,
        "f1": 0.6967491508976226,
        "fn": 997.0,
        "fp": 5253.0,
        "loss": 0.5431640246733109,
        "precision": 0.5774953752111317,
        "recall": 0.8780726427785251,
        "tn": 20723.0,
        "tp": 7180.0
      },
      "val_metrics": {
        "accuracy": 0.7946300471408075,
        "f1": 0.6673306772908366,
        "fn": 163.0,
        "fp": 839.0,
        "loss": 0.5836224250066326,
        "precision": 0.5450108459869848,
        "recall": 0.860445205479452,
        "tn": 2872.0,
        "tp": 1005.0
      }
    }
  ],
  "run_name": "baseline",
  "threshold": 0.5
}