{
  "epochs": [
    {
      "epoch": 1,
      "train_metrics": {
        "accuracy": 0.7493631598981055,
        "f1": 0.6281171257276914,
        "fn": 948.0,
        "fp": 7612.0,
        "loss": 0.6887541794935382,
        "precision": 0.4870965568357927,
        "recall": 0.8840650605356488,
        "tn": 18364.0,
        "tp": 7229.0
      },
      "val_metrics": {
        "accuracy": 0.7767985242877639,
        "f1": 0.657007874015748,
        "fn": 125.0,
        "fp": 964.0,
        "loss": 0.6288927622592994,
        "precision": 0.5196811160936722,
        "recall": 0.8929794520547946,
        "tn": 2747.0,
        "tp": 1043.0
      }
    },
    {
      "epoch": 2,
      "train_metrics": {
        "accuracy": 0.7859631657541065,
        "f1": 0.6631025901004701,
        "fn": 983.0,
        "fp": 6327.0,
        "loss": 0.6266735107002435,
        "precision": 0.532061238074107,
        "recall": 0.8797847621377033,
        "tn": 19649.0,
        "tp": 7194.0
      },
      "val_metrics": {
        "accuracy": 0.7899159663865546,
        "f1": 0.6647039581288845,
        "fn": 152.0,
        "fp": 873.0,
        "loss": 0.6089346186013759,
        "precision": 0.5378507146638433,
        "recall": 0.8698630136986302,
        "tn": 2838.0,
        "tp": 1016.0
      }
    },
    {
      "epoch": 3,
      "train_metrics": {
        "accuracy": 0.7927854068456651,
        "f1": 0.6699006483511358,
        "fn": 996.0,
        "fp": 6081.0,
        "loss": 0.6059744041199824,
        "precision": 0.5414718745287287,
        "recall": 0.8781949370184664,
        "tn": 19895.0,
        "tp": 7181.0
      },
      "val_metrics": {
        "accuracy": 0.7942201270752204,
        "f1": 0.6662234042553191,
        "fn": 166.0,
        "fp": 838.0,
        "loss": 0.5948396073327883,
        "precision": 0.5445652173913044,
        "recall": 0.8578767123287672,
        "tn": 2873.0,
        "tp": 1002.0
      }
    },
    {
      "epoch": 4,
      "train_metrics": {
        "accuracy": 0.7981143676982988,
        "f1": 0.674840839424664,
        "fn": 1022.0,
        "fp": 5873.0,
        "loss": 0.5948083565911796,
        "precision": 0.5492017193736567,
        "recall": 0.8750152867799926,
        "tn": 20103.0,
        "tp": 7155.0
      },
      "val_metrics": {
        "accuracy": 0.7989342078294732,
        "f1": 0.6706948640483382,
        "fn": 169.0,
        "fp": 812.0,
        "loss": 0.5898917221368202,
        "precision": 0.5516289342904472,
        "recall": 0.8553082191780822,
        "tn": 2899.0,
        "tp": 999.0
      }
    },
    {
      "epoch": 5,
      "train_metrics": {
        "accuracy": 0.8028284484525517,
        "f1": 0.6800342107763946,
        "fn": 1021.0,
        "fp": 5713.0,
        "loss": 0.5851088046636658,
        "precision": 0.556064962312534,
        "recall": 0.875137581019934,
        "tn": 20263.0,
        "tp": 7156.0
      },
      "val_metrics": {
        "accuracy": 0.8003689280590285,
        "f1": 0.6691576086956522,
        "fn": 183.0,
        "fp": 791.0,
        "loss": 0.586294160047548,
        "precision": 0.5546171171171171,
        "recall": 0.8433219178082192,
        "tn": 2920.0,
        "tp": 985.0
      }
    },
    {
      "epoch": 6,
      "train_metrics": {
        "accuracy": 0.8078353292536526,
        "f1": 0.6858155009813778,
        "fn": 1014.0,
        "fp": 5549.0,
        "loss": 0.5768362950993168,
        "precision": 0.5634833228445564,
        "recall": 0.875993640699523,
        "tn": 20427.0,
        "tp": 7163.0
      },
      "val_metrics": {
        "accuracy": 0.7940151670424267,
        "f1": 0.6686449060336301,
        "fn": 154.0,
        "fp": 851.0,
        "loss": 0.5857689520036815,
        "precision": 0.5436997319034853,
        "recall": 0.8681506849315068,
        "tn": 2860.0,
        "tp": 1014.0
      }
    },
    {
      "epoch": 7,
      "train_metrics": {
        "accuracy": 0.8068398090943695,
        "f1": 0.6833085305554223,
        "fn": 1060.0,
        "fp": 5537.0,
        "loss": 0.5736363674192356,
        "precision": 0.5624308519045361,
        "recall": 0.8703681056622233,
        "tn": 20439.0,
        "tp": 7117.0
      },
      "val_metrics": {
        "accuracy": 0.8001639680262349,
        "f1": 0.6709416132298347,
        "fn": 174.0,
        "fp": 801.0,
        "loss": 0.579790087869163,
        "precision": 0.5537604456824513,
        "recall": 0.851027397260274,
        "tn": 2910.0,
        "tp": 994.0
      }
    },
    {
      "epoch": 8,
      "train_metrics": {
        "accuracy": 0.8100898896143823,
        "f1": 0.6877527440785673,
        "fn": 1034.0,
        "fp": 5452.0,
        "loss": 0.5675862881828952,
        "precision": 0.567129813418023,
        "recall": 0.8735477559006971,
        "tn": 20524.0,
        "tp": 7143.0
      },
      "val_metrics": {
        "accuracy": 0.7942201270752204,
        "f1": 0.6712508185985593,
        "fn": 143.0,
        "fp": 861.0,
        "loss": 0.5803289375092119,
        "precision": 0.5434782608695652,
        "recall": 0.877568493150685,
        "tn": 2850.0,
        "tp": 1025.0
      }
    },
    {
      "epoch": 9,
      "train_metrics": {
        "accuracy": 0.8081866893098703,
        "f1": 0.6859991372285865,
        "fn": 1021.0,
        "fp": 5530.0,
        "loss": 0.5666731932262856,
        "precision": 0.5640863944505754,
        "recall": 0.875137581019934,
        "tn": 20446.0,
        "tp": 7156.0
      },
      "val_metrics": {
        "accuracy": 0.7977044476327116,
        "f1": 0.6726368159203979,
        "fn": 154.0,
        "fp": 833.0,
        "loss": 0.575034603962133,
        "precision": 0.5489983757444504,
        "recall": 0.8681506849315068,
        "tn": 2878.0,
        "tp": 1014.0
      }
    },
    {
      "epoch": 10,
      "train_metrics": {
        "accuracy": 0.812198049951688,
        "f1": 0.6905037637521714,
        "fn": 1022.0,
        "fp": 5392.0,
        "loss": 0.5592866201556151,
        "precision": 0.570255838048936,
        "recall": 0.8750152867799926,
        "tn": 20584.0,
        "tp": 7155.0
      },
      "val_metrics": {
        "accuracy": 0.7958598073375692,
        "f1": 0.668,
        "fn": 166.0,
        "fp": 830.0,
        "loss": 0.577446215341853,
        "precision": 0.5469432314410481,
        "recall": 0.8578767123287672,
        "tn": 2881.0,
        "tp": 1002.0
      }
    },
    {
      "epoch": 11,
      "train_metrics": {
        "accuracy": 0.8129886100781776,
        "f1": 0.6917917289967668,
        "fn": 1009.0,
        "fp": 5378.0,
        "loss": 0.5565043544275737,
        "precision": 0.5713374780806632,
        "recall": 0.8766051118992295,
        "tn": 20598.0,
        "tp": 7168.0
      },
      "val_metrics": {
        "accuracy": 0.79647468743595,
        "f1": 0.6745329400196658,
        "fn": 139.0,
        "fp": 854.0,
        "loss": 0.5757998058507129,
        "precision": 0.5464684014869888,
        "recall": 0.8809931506849316,
        "tn": 2857.0,
        "tp": 1029.0
      }
    },
    {
      "epoch": 12,
      "train_metrics": {
        "accuracy": 0.8112610898017744,
        "f1": 0.6894391983041048,
        "fn": 1022.0,
        "fp": 5424.0,
        "loss": 0.5503434410043696,
        "precision": 0.568805151442881,
        "recall": 0.8750152867799926,
        "tn": 20552.0,
        "tp": 7155.0
      },
      "val_metrics": {
        "accuracy": 0.7962697274031564,
        "f1": 0.6666666666666667,
        "fn": 174.0,
        "fp": 820.0,
        "loss": 0.5827077888127941,
        "precision": 0.5479603087100331,
        "recall": 0.851027397260274,
        "tn": 2891.0,
        "tp": 994.0
      }
    },
    {
      "epoch": 13,
      "train_metrics": {
        "accuracy": 0.8143062102889936,
        "f1": 0.6940665701881331,
        "fn": 983.0,
        "fp": 5359.0,
        "loss": 0.5495984126693371,
        "precision": 0.5730900979845456,