{
  "epochs": [
    {
      "epoch": 1,
      "train_metrics": {
        "accuracy": 0.7529060404649665,
        "f1": 0.6345645866712857,
        "fn": 850.0,
        "fp": 7589.0,
        "loss": 0.6686953307699013,
        "precision": 0.49121748458031644,
        "recall": 0.896049896049896,
        "tn": 18387.0,
        "tp": 7327.0
      },
      "val_metrics": {
        "accuracy": 0.7784382045501127,
        "f1": 0.6601697579377553,
        "fn": 118.0,
        "fp": 963.0,
        "loss": 0.6160048978156207,
        "precision": 0.5216095380029806,
        "recall": 0.898972602739726,
        "tn": 2748.0,
        "tp": 1050.0
      }
    },
    {
      "epoch": 2,
      "train_metrics": {
        "accuracy": 0.7869001259040201,
        "f1": 0.66510215350635,
        "fn": 950.0,
        "fp": 6328.0,
        "loss": 0.6115603677260245,
        "precision": 0.533161195130948,
        "recall": 0.8838204720557662,
        "tn": 19648.0,
        "tp": 7227.0
      },
      "val_metrics": {
        "accuracy": 0.7872514859602378,
        "f1": 0.662109375,
        "fn": 151.0,
        "fp": 887.0,
        "loss": 0.5997929138149192,
        "precision": 0.5341386554621849,
        "recall": 0.8707191780821918,
        "tn": 2824.0,
        "tp": 1017.0
      }
    },
    {
      "epoch": 3,
      "train_metrics": {
        "accuracy": 0.7914092466254795,
        "f1": 0.6698183166481275,
        "fn": 951.0,
        "fp": 6173.0,
        "loss": 0.5926533344496823,
        "precision": 0.5392939771624748,
        "recall": 0.8836981778158248,
        "tn": 19803.0,
        "tp": 7226.0
      },
      "val_metrics": {
        "accuracy": 0.795449887271982,
        "f1": 0.6688785666887858,
        "fn": 160.0,
        "fp": 838.0,
        "loss": 0.5857902569075935,
        "precision": 0.5460455037919827,
        "recall": 0.863013698630137,
        "tn": 2873.0,
        "tp": 1008.0
      }
    },
    {
      "epoch": 4,
      "train_metrics": {
        "accuracy": 0.7977337276373965,
        "f1": 0.6751622307909338,
        "fn": 998.0,
        "fp": 5910.0,
        "loss": 0.5816176738099703,
        "precision": 0.5484758193903277,
        "recall": 0.8779503485385838,
        "tn": 20066.0,
        "tp": 7179.0
      },
      "val_metrics": {
        "accuracy": 0.7952449272391884,
        "f1": 0.6699702675916749,
        "fn": 154.0,
        "fp": 845.0,
        "loss": 0.5825836525195005,
        "precision": 0.5454545454545454,
        "recall": 0.8681506849315068,
        "tn": 2866.0,
        "tp": 1014.0
      }
    },
    {
      "epoch": 5,
      "train_metrics": {
        "accuracy": 0.7995490879278541,
        "f1": 0.6789231779382797,
        "fn": 939.0,
        "fp": 5907.0,
        "loss": 0.5738420395995221,
        "precision": 0.5506276150627615,
        "recall": 0.8851657086951205,
        "tn": 20069.0,
        "tp": 7238.0
      },
      "val_metrics": {
        "accuracy": 0.7968846075015372,
        "f1": 0.6659925851027975,
        "fn": 180.0,
        "fp": 811.0,
        "loss": 0.5854202543377118,
        "precision": 0.5491939966648138,
        "recall": 0.8458904109589042,
        "tn": 2900.0,
        "tp": 988.0
      }
    },
    {
      "epoch": 6,
      "train_metrics": {
        "accuracy": 0.805287968846075,
        "f1": 0.6848042468480425,
        "fn": 953.0,
        "fp": 5697.0,
        "loss": 0.5653531310694656,
        "precision": 0.5590898537264918,
        "recall": 0.8834535893359423,
        "tn": 20279.0,
        "tp": 7224.0
      },
      "val_metrics": {
        "accuracy": 0.7929903668784587,
        "f1": 0.66688654353562,
        "fn": 157.0,
        "fp": 853.0,
        "loss": 0.5824522866433604,
        "precision": 0.5423819742489271,
        "recall": 0.865582191780822,
        "tn": 2858.0,
        "tp": 1011.0
      }
    },
    {
      "epoch": 7,
      "train_metrics": {
        "accuracy": 0.8054636488741839,
        "f1": 0.6849990517731841,
        "fn": 953.0,
        "fp": 5691.0,
        "loss": 0.5619568581518707,
        "precision": 0.5593495934959349,
        "recall": 0.8834535893359423,
        "tn": 20285.0,
        "tp": 7224.0
      },
      "val_metrics": {
        "accuracy": 0.7968846075015372,
        "f1": 0.6686726847208292,
        "fn": 168.0,
        "fp": 823.0,
        "loss": 0.5735094801865046,
        "precision": 0.5485463521667581,
        "recall": 0.8561643835616438,
        "tn": 2888.0,
        "tp": 1000.0
      }
    },
    {
      "epoch": 8,
      "train_metrics": {
        "accuracy": 0.8079817292770767,
        "f1": 0.6878926327812679,
        "fn": 950.0,
        "fp": 5608.0,
        "loss": 0.5546923931429013,
        "precision": 0.5630697312037398,
        "recall": 0.8838204720557662,
        "tn": 20368.0,
        "tp": 7227.0
      },
      "val_metrics": {
        "accuracy": 0.7911457265833163,
        "f1": 0.6699060576611597,
        "fn": 134.0,
        "fp": 885.0,
        "loss": 0.5754526636106456,
        "precision": 0.5388223032829599,
        "recall": 0.8852739726027398,
        "tn": 2826.0,
        "tp": 1034.0
      }
    },
    {
      "epoch": 9,
      "train_metrics": {
        "accuracy": 0.8064884490381519,
        "f1": 0.6868514570007107,
        "fn": 929.0,
        "fp": 5680.0,
        "loss": 0.5542081893860388,
        "precision": 0.5606435643564357,
        "recall": 0.8863886510945335,
        "tn": 20296.0,
        "tp": 7248.0
      },
      "val_metrics": {
        "accuracy": 0.7931953269112523,
        "f1": 0.672083197920052,
        "fn": 134.0,
        "fp": 875.0,
        "loss": 0.5730684570025948,
        "precision": 0.5416448402304872,
        "recall": 0.8852739726027398,
        "tn": 2836.0,
        "tp": 1034.0
      }
    },
    {
      "epoch": 10,
      "train_metrics": {
        "accuracy": 0.808069569291131,
        "f1": 0.6886429487483968,
        "fn": 928.0,
        "fp": 5627.0,
        "loss": 0.5486320166888985,
        "precision": 0.5629853991922957,
        "recall": 0.8865109453344747,
        "tn": 20349.0,
        "tp": 7249.0
      },
      "val_metrics": {
        "accuracy": 0.7968846075015372,
        "f1": 0.6719629261833829,
        "fn": 153.0,
        "fp": 838.0,
        "loss": 0.5751594524692379,
        "precision": 0.5477603885590934,
        "recall": 0.8690068493150684,
        "tn": 2873.0,
        "tp": 1015.0
      }
    },
    {
      "epoch": 11,
      "train_metrics": {
        "accuracy": 0.8098263695722191,
        "f1": 0.6909644573440549,
        "fn": 916.0,
        "fp": 5579.0,
        "loss": 0.543750487970642,
        "precision": 0.5654984423676013,
        "recall": 0.8879784762137704,
        "tn": 20397.0,
        "tp": 7261.0
      },
      "val_metrics": {
        "accuracy": 0.7938102070096331,
        "f1": 0.6742227979274611,
        "fn": 127.0,
        "fp": 879.0,
        "loss": 0.5746279564224371,
        "precision": 0.5421875,
        "recall": 0.8912671232876712,
        "tn": 2832.0,
        "tp": 1041.0
      }
    },
    {
      "epoch": 12,
      "train_metrics": {
        "accuracy": 0.8111439697830352,
        "f1": 0.6918299092212135,
        "fn": 937.0,
        "fp": 5513.0,
        "loss": 0.5386737389070336,
        "precision": 0.5677095585352466,
        "recall": 0.8854102971750031,
        "tn": 20463.0,
        "tp": 7240.0
      },
      "val_metrics": {
        "accuracy": 0.79647468743595,
        "f1": 0.6713008937437934,
        "fn": 154.0,
        "fp": 839.0,
        "loss": 0.5857875644244432,
        "precision": 0.5472207231516459,
        "recall": 0.8681506849315068,
        "tn": 2872.0,
        "tp": 1014.0
      }
    },
    {
      "epoch": 13,
      "train_metrics": {
        "accuracy": 0.812198049951688,
        "f1": 0.6943967981703831,
        "fn": 890.0,
        "fp": 5524.0,
        "loss": 0.5361199903424633,
        "precision": 0.5688080555772383,