{
  "epochs": [
    {
      "epoch": 1,
      "train_metrics": {
        "accuracy": 0.7523204403712704,
        "f1": 0.6359058236129643,
        "fn": 790.0,
        "fp": 7669.0,
        "loss": 0.646710660467524,
        "precision": 0.49063496280552604,
        "recall": 0.903387550446374,
        "tn": 18307.0,
        "tp": 7387.0
      },
      "val_metrics": {
        "accuracy": 0.7718794835007173,
        "f1": 0.6550976138828633,
        "fn": 111.0,
        "fp": 1002.0,
        "loss": 0.6018870333516957,
        "precision": 0.5133559980573094,
        "recall": 0.9049657534246576,
        "tn": 2709.0,
        "tp": 1057.0
      }
    },
    {
      "epoch": 2,
      "train_metrics": {
        "accuracy": 0.7830644452903113,
        "f1": 0.6630894456823245,
        "fn": 886.0,
        "fp": 6523.0,
        "loss": 0.5958732225355793,
        "precision": 0.5277978862024033,
        "recall": 0.8916473034120093,
        "tn": 19453.0,
        "tp": 7291.0
      },
      "val_metrics": {
        "accuracy": 0.7782332445173191,
        "f1": 0.6554140127388535,
        "fn": 139.0,
        "fp": 943.0,
        "loss": 0.58848245445884,
        "precision": 0.5218052738336714,
        "recall": 0.8809931506849316,
        "tn": 2768.0,
        "tp": 1029.0
      }
    },
    {
      "epoch": 3,
      "train_metrics": {
        "accuracy": 0.7870465259274442,
        "f1": 0.6683992157935531,
        "fn": 847.0,
        "fp": 6426.0,
        "loss": 0.5784525611884171,
        "precision": 0.5328583890665891,
        "recall": 0.8964167787697199,
        "tn": 19550.0,
        "tp": 7330.0
      },
      "val_metrics": {
        "accuracy": 0.7915556466489034,
        "f1": 0.6677556354132638,
        "fn": 146.0,
        "fp": 871.0,
        "loss": 0.5769492494544428,
        "precision": 0.5398837823560486,
        "recall": 0.875,
        "tn": 2840.0,
        "tp": 1022.0
      }
    },
    {
      "epoch": 4,
      "train_metrics": {
        "accuracy": 0.789564606330337,
        "f1": 0.6708194018229285,
        "fn": 854.0,
        "fp": 6333.0,
        "loss": 0.5706401710572663,
        "precision": 0.5362478031634447,
        "recall": 0.8955607190901309,
        "tn": 19643.0,
        "tp": 7323.0
      },
      "val_metrics": {
        "accuracy": 0.7847919655667145,
        "f1": 0.6636771300448431,
        "fn": 132.0,
        "fp": 918.0,
        "loss": 0.5751234500421366,
        "precision": 0.5301944728761515,
        "recall": 0.886986301369863,
        "tn": 2793.0,
        "tp": 1036.0
      }
    },
    {
      "epoch": 5,
      "train_metrics": {
        "accuracy": 0.7936345269815244,
        "f1": 0.6757453073242548,
        "fn": 833.0,
        "fp": 6215.0,
        "loss": 0.5610055479860807,
        "precision": 0.5416328637805148,
        "recall": 0.8981288981288982,
        "tn": 19761.0,
        "tp": 7344.0
      },
      "val_metrics": {
        "accuracy": 0.7950399672063948,
        "f1": 0.667332002661344,
        "fn": 165.0,
        "fp": 835.0,
        "loss": 0.5879776290655869,
        "precision": 0.5457018498367792,
        "recall": 0.8587328767123288,
        "tn": 2876.0,
        "tp": 1003.0
      }
    },
    {
      "epoch": 6,
      "train_metrics": {
        "accuracy": 0.7985535677685709,
        "f1": 0.6808313230655038,
        "fn": 839.0,
        "fp": 6041.0,
        "loss": 0.5546125757546947,
        "precision": 0.5484714851633157,
        "recall": 0.8973951326892503,
        "tn": 19935.0,
        "tp": 7338.0
      },
      "val_metrics": {
        "accuracy": 0.794425087108014,
        "f1": 0.6710396851426699,
        "fn": 145.0,
        "fp": 858.0,
        "loss": 0.5839356323763297,
        "precision": 0.543859649122807,
        "recall": 0.8758561643835616,
        "tn": 2853.0,
        "tp": 1023.0
      }
    },
    {
      "epoch": 7,
      "train_metrics": {
        "accuracy": 0.7996662079465933,
        "f1": 0.6816193578408561,
        "fn": 853.0,
        "fp": 5989.0,
        "loss": 0.5483710177314092,
        "precision": 0.5501389619169234,
        "recall": 0.8956830133300722,
        "tn": 19987.0,
        "tp": 7324.0
      },
      "val_metrics": {
        "accuracy": 0.7882762861242057,
        "f1": 0.6664514045850823,
        "fn": 136.0,
        "fp": 897.0,
        "loss": 0.5755170712243292,
        "precision": 0.5349922239502333,
        "recall": 0.8835616438356164,
        "tn": 2814.0,
        "tp": 1032.0
      }
    },
    {
      "epoch": 8,
      "train_metrics": {
        "accuracy": 0.8031505285040845,
        "f1": 0.6860904888639865,
        "fn": 830.0,
        "fp": 5893.0,
        "loss": 0.5431465873958264,
        "precision": 0.5549093655589123,
        "recall": 0.8984957808487221,
        "tn": 20083.0,
        "tp": 7347.0
      },
      "val_metrics": {
        "accuracy": 0.7868415658946506,
        "f1": 0.6662387676508345,
        "fn": 130.0,
        "fp": 910.0,
        "loss": 0.582944556982162,
        "precision": 0.5328542094455853,
        "recall": 0.8886986301369864,
        "tn": 2801.0,
        "tp": 1038.0
      }
    },
    {
      "epoch": 9,
      "train_metrics": {
        "accuracy": 0.8007202881152461,
        "f1": 0.6840297121634169,
        "fn": 810.0,
        "fp": 5996.0,
        "loss": 0.5431640246733109,
        "precision": 0.5512983611464491,
        "recall": 0.900941665647548,
        "tn": 19980.0,
        "tp": 7367.0
      },
      "val_metrics": {
        "accuracy": 0.7862266857962698,
        "f1": 0.6662399999999999,
        "fn": 127.0,
        "fp": 916.0,
        "loss": 0.5836224250066326,
        "precision": 0.5319366377107818,
        "recall": 0.8912671232876712,
        "tn": 2795.0,
        "tp": 1041.0
      }
    }
  ],
  "run_name": "tune_thr045_02",
  "threshold": 0.45
}