{
  "epochs": [
    {
      "epoch": 1,
      "train_metrics": {
        "accuracy": 0.7700348432055749,
        "f1": 0.6465028355387524,
        "fn": 995.0,
        "fp": 6859.0,
        "loss": 0.6534719397703159,
        "precision": 0.5115020297699594,
        "recall": 0.8783172312584078,
        "tn": 19117.0,
        "tp": 7182.0
      },
      "val_metrics": {
        "accuracy": 0.7884812461569994,
        "f1": 0.6640625000000001,
        "fn": 148.0,
        "fp": 884.0,
        "loss": 0.6025785545658738,
        "precision": 0.5357142857142857,
        "recall": 0.8732876712328768,
        "tn": 2827.0,
        "tp": 1020.0
      }
    },
    {
      "epoch": 2,
      "train_metrics": {
        "accuracy": 0.7981436477029836,
        "f1": 0.6732391695895346,
        "fn": 1075.0,
        "fp": 5819.0,
        "loss": 0.6020410966671421,
        "precision": 0.5496478600727498,
        "recall": 0.8685336920631038,
        "tn": 20157.0,
        "tp": 7102.0
      },
      "val_metrics": {
        "accuracy": 0.7852018856323018,
        "f1": 0.6612798965740142,
        "fn": 145.0,
        "fp": 903.0,
        "loss": 0.5892665469028295,
        "precision": 0.5311526479750779,
        "recall": 0.8758561643835616,
        "tn": 2808.0,
        "tp": 1023.0
      }
    },
    {
      "epoch": 3,
      "train_metrics": {
        "accuracy": 0.8014230082276813,
        "f1": 0.6777534923500903,
        "fn": 1045.0,
        "fp": 5737.0,
        "loss": 0.5896277172451742,
        "precision": 0.5542000155412231,
        "recall": 0.8722025192613428,
        "tn": 20239.0,
        "tp": 7132.0
      },
      "val_metrics": {
        "accuracy": 0.7985242877638861,
        "f1": 0.6735303885752242,
        "fn": 154.0,
        "fp": 829.0,
        "loss": 0.5784956981325081,
        "precision": 0.5501899077590885,
        "recall": 0.8681506849315068,
        "tn": 2882.0,
        "tp": 1014.0
      }
    },
    {
      "epoch": 4,
      "train_metrics": {
        "accuracy": 0.8033554885368782,
        "f1": 0.6789061005928476,
        "fn": 1077.0,
        "fp": 5639.0,
        "loss": 0.5780814216625106,
        "precision": 0.5573435905487087,
        "recall": 0.8682891035832212,
        "tn": 20337.0,
        "tp": 7100.0
      },
      "val_metrics": {
        "accuracy": 0.7960647673703628,
        "f1": 0.6712917079616783,
        "fn": 152.0,
        "fp": 843.0,
        "loss": 0.580621685825867,
        "precision": 0.5465303926842389,
        "recall": 0.8698630136986302,
        "tn": 2868.0,
        "tp": 1016.0
      }
    },
    {
      "epoch": 5,
      "train_metrics": {
        "accuracy": 0.8051708488273358,
        "f1": 0.6810774539877301,
        "fn": 1072.0,
        "fp": 5582.0,
        "loss": 0.5723505331629231,
        "precision": 0.5600220698352645,
        "recall": 0.8689005747829277,
        "tn": 20394.0,
        "tp": 7105.0
      },
      "val_metrics": {
        "accuracy": 0.8024185283869646,
        "f1": 0.6698630136986302,
        "fn": 190.0,
        "fp": 774.0,
        "loss": 0.5828443436281533,
        "precision": 0.5582191780821918,
        "recall": 0.8373287671232876,
        "tn": 2937.0,
        "tp": 978.0
      }
    },
    {
      "epoch": 6,
      "train_metrics": {
        "accuracy": 0.8097970895675344,
        "f1": 0.6873315363881403,
        "fn": 1037.0,
        "fp": 5459.0,
        "loss": 0.5655192010776786,
        "precision": 0.5667116437812525,
        "recall": 0.8731808731808732,
        "tn": 20517.0,
        "tp": 7140.0
      },
      "val_metrics": {
        "accuracy": 0.8018036482885837,
        "f1": 0.6689489900718931,
        "fn": 191.0,
        "fp": 776.0,
        "loss": 0.5820182362011306,
        "precision": 0.5573302909298345,
        "recall": 0.836472602739726,
        "tn": 2935.0,
        "tp": 977.0
      }
    },
    {
      "epoch": 7,
      "train_metrics": {
        "accuracy": 0.8131350101016016,
        "f1": 0.6912134700987034,
        "fn": 1034.0,
        "fp": 5348.0,
        "loss": 0.5594885737141051,
        "precision": 0.5718517332479385,
        "recall": 0.8735477559006971,
        "tn": 20628.0,
        "tp": 7143.0
      },
      "val_metrics": {
        "accuracy": 0.7948350071736011,
        "f1": 0.6662220740246748,
        "fn": 169.0,
        "fp": 832.0,
        "loss": 0.5728599822381941,
        "precision": 0.545603495357728,
        "recall": 0.8553082191780822,
        "tn": 2879.0,
        "tp": 999.0
      }
    },
    {
      "epoch": 8,
      "train_metrics": {
        "accuracy": 0.8107926097268175,
        "f1": 0.6882477807796217,
        "fn": 1044.0,
        "fp": 5418.0,
        "loss": 0.5562736586666043,
        "precision": 0.5683212493028444,
        "recall": 0.8723248135012841,
        "tn": 20558.0,
        "tp": 7133.0
      },
      "val_metrics": {
        "accuracy": 0.7968846075015372,
        "f1": 0.6686726847208292,
        "fn": 168.0,
        "fp": 823.0,
        "loss": 0.5746181880042406,
        "precision": 0.5485463521667581,
        "recall": 0.8561643835616438,
        "tn": 2888.0,
        "tp": 1000.0
      }
    },
    {
      "epoch": 9,
      "train_metrics": {
        "accuracy": 0.8134570901531344,
        "f1": 0.692593486127865,
        "fn": 1000.0,
        "fp": 5371.0,
        "loss": 0.5489921091048117,
        "precision": 0.5719636595473382,
        "recall": 0.8777057600587013,
        "tn": 20605.0,
        "tp": 7177.0
      },
      "val_metrics": {
        "accuracy": 0.7999590079934413,
        "f1": 0.6722632639355272,
        "fn": 167.0,
        "fp": 809.0,
        "loss": 0.5713029125230824,
        "precision": 0.5530386740331492,
        "recall": 0.8570205479452054,
        "tn": 2902.0,
        "tp": 1001.0
      }
    },
    {
      "epoch": 10,
      "train_metrics": {
        "accuracy": 0.8136913301906128,
        "f1": 0.6926829268292682,
        "fn": 1006.0,
        "fp": 5357.0,
        "loss": 0.5481413330992846,
        "precision": 0.5723978288633461,
        "recall": 0.8769719946190534,
        "tn": 20619.0,
        "tp": 7171.0
      },
      "val_metrics": {
        "accuracy": 0.8040582086493134,
        "f1": 0.6737201365187713,
        "fn": 181.0,
        "fp": 775.0,
        "loss": 0.5797071424046607,
        "precision": 0.5601589103291714,
        "recall": 0.8450342465753424,
        "tn": 2936.0,
        "tp": 987.0
      }
    },
    {
      "epoch": 11,
      "train_metrics": {
        "accuracy": 0.8137498901999825,
        "f1": 0.6927498430179202,
        "fn": 1006.0,
        "fp": 5355.0,
        "loss": 0.5419546413417442,
        "precision": 0.5724892224173719,
        "recall": 0.8769719946190534,
        "tn": 20621.0,
        "tp": 7171.0
      },
      "val_metrics": {
        "accuracy": 0.7952449272391884,
        "f1": 0.6729950900163666,
        "fn": 140.0,
        "fp": 859.0,
        "loss": 0.5756381262665671,
        "precision": 0.5447800741918389,
        "recall": 0.8801369863013698,
        "tn": 2852.0,
        "tp": 1028.0
      }
    },
    {
      "epoch": 12,
      "train_metrics": {
        "accuracy": 0.8158873305419729,
        "f1": 0.6957026713124274,
        "fn": 989.0,
        "fp": 5299.0,
        "loss": 0.5391511084555016,
        "precision": 0.5756386642107792,
        "recall": 0.8790509966980555,
        "tn": 20677.0,
        "tp": 7188.0
      },
      "val_metrics": {
        "accuracy": 0.8093871695019471,
        "f1": 0.67663421418637,
        "fn": 195.0,
        "fp": 735.0,
        "loss": 0.5878843638857361,
        "precision": 0.569672131147541,
        "recall": 0.8330479452054794,
        "tn": 2976.0,
        "tp": 973.0
      }
    },
    {
      "epoch": 13,
      "train_metrics": {
        "accuracy": 0.8166486106637777,
        "f1": 0.697048863086599,
        "fn": 973.0,
        "fp": 5289.0,
        "loss": 0.5360475056196479,