{
  "best_epoch": 9,
  "best_train_metrics": {
    "accuracy": 0.8134570901531344,
    "f1": 0.692593486127865,
    "fn": 1000.0,
    "fp": 5371.0,
    "loss": 0.5489921091048117,
    "precision": 0.5719636595473382,
    "recall": 0.8777057600587013,
    "tn": 20605.0,
    "tp": 7177.0
  },
  "best_val_metrics": {
    "accuracy": 0.7999590079934413,
    "f1": 0.6722632639355272,
    "fn": 167.0,
    "fp": 809.0,
    "loss": 0.5713029125230824,
    "precision": 0.5530386740331492,
    "recall": 0.8570205479452054,
    "tn": 2902.0,
    "tp": 1001.0
  },
  "config": {
    "artifact_root": "artifacts",
    "batch_size": 128,
    "epochs": 35,
    "final_evaluation": false,
    "model": {
      "activation": "relu",
      "dropout": 0.2,
      "hidden_dims": [
        256,
        128,
        64
      ],
      "use_batch_norm": true
    },
    "optimizer": {
      "learning_rate": 0.0005,
      "name": "adamw",
      "weight_decay": 0.0001
    },
    "patience": 6,
    "run_name": "tune_adamw_bs128_ep35_pat6",
    "seed": 42,
    "threshold": 0.5
  },
  "device": "cuda",
  "duration_seconds": 51.79,
  "epochs_completed": 15,
  "input_dim": 90,
  "leaderboard_rank": 6,
  "parameter_count": 65409,
  "run_dir": "artifacts/runs/tune_adamw_bs128_ep35_pat6",
  "run_name": "tune_adamw_bs128_ep35_pat6",
  "summary_text": "Best validation loss was 0.5713 with validation F1 0.6723 at epoch 9. Test evaluation was skipped for this run.",
  "test_metrics": null
}