{
  "epochs": [
    {
      "epoch": 1,
      "train_metrics": {
        "accuracy": 0.7779111644657863,
        "f1": 0.6515687445449951,
        "fn": 1085.0,
        "fp": 6500.0,
        "loss": 0.6533177188244675,
        "precision": 0.5217775161859918,
        "recall": 0.8673107496636908,
        "tn": 19476.0,
        "tp": 7092.0
      },
      "val_metrics": {
        "accuracy": 0.7931953269112523,
        "f1": 0.6671065654899373,
        "fn": 157.0,
        "fp": 852.0,
        "loss": 0.6024663633414775,
        "precision": 0.5426731078904992,
        "recall": 0.865582191780822,
        "tn": 2859.0,
        "tp": 1011.0
      }
    },
    {
      "epoch": 2,
      "train_metrics": {
        "accuracy": 0.8036190085790413,
        "f1": 0.6767555062894597,
        "fn": 1156.0,
        "fp": 5551.0,
        "loss": 0.6024283411261788,
        "precision": 0.5584632516703786,
        "recall": 0.8586278586278586,
        "tn": 20425.0,
        "tp": 7021.0
      },
      "val_metrics": {
        "accuracy": 0.7911457265833163,
        "f1": 0.6651330923430825,
        "fn": 156.0,
        "fp": 863.0,
        "loss": 0.5883985258170048,
        "precision": 0.5397333333333333,
        "recall": 0.8664383561643836,
        "tn": 2848.0,
        "tp": 1012.0
      }
    },
    {
      "epoch": 3,
      "train_metrics": {
        "accuracy": 0.8061663689866191,
        "f1": 0.680440239428461,
        "fn": 1129.0,
        "fp": 5491.0,
        "loss": 0.5893771126375497,
        "precision": 0.5620862907727889,
        "recall": 0.8619298031062737,
        "tn": 20485.0,
        "tp": 7048.0
      },
      "val_metrics": {
        "accuracy": 0.803238368518139,
        "f1": 0.6750169262017603,
        "fn": 171.0,
        "fp": 789.0,
        "loss": 0.5791576959041573,
        "precision": 0.5582306830907054,
        "recall": 0.853595890410959,
        "tn": 2922.0,
        "tp": 997.0
      }
    },
    {
      "epoch": 4,
      "train_metrics": {
        "accuracy": 0.8088894094223055,
        "f1": 0.6822452655664282,
        "fn": 1170.0,
        "fp": 5357.0,
        "loss": 0.5777015192555539,
        "precision": 0.5667259786476868,
        "recall": 0.8569157392686805,
        "tn": 20619.0,
        "tp": 7007.0
      },
      "val_metrics": {
        "accuracy": 0.7997540479606476,
        "f1": 0.6715966386554623,
        "fn": 169.0,
        "fp": 808.0,
        "loss": 0.5809644116048662,
        "precision": 0.5528500276701716,
        "recall": 0.8553082191780822,
        "tn": 2903.0,
        "tp": 999.0
      }
    },
    {
      "epoch": 5,
      "train_metrics": {
        "accuracy": 0.81190524990484,
        "f1": 0.6863893770747901,
        "fn": 1147.0,
        "fp": 5277.0,
        "loss": 0.5722771629866082,
        "precision": 0.5712196311042496,
        "recall": 0.8597285067873304,
        "tn": 20699.0,
        "tp": 7030.0
      },
      "val_metrics": {
        "accuracy": 0.8050830088132814,
        "f1": 0.6694473409801877,
        "fn": 205.0,
        "fp": 746.0,
        "loss": 0.5864573878620364,
        "precision": 0.5634874195435927,
        "recall": 0.824486301369863,
        "tn": 2965.0,
        "tp": 963.0
      }
    },
    {
      "epoch": 6,
      "train_metrics": {
        "accuracy": 0.8156238104998097,
        "f1": 0.6917617112927702,
        "fn": 1111.0,
        "fp": 5186.0,
        "loss": 0.5658225388829609,
        "precision": 0.5767221678093373,
        "recall": 0.864131099425217,
        "tn": 20790.0,
        "tp": 7066.0
      },
      "val_metrics": {
        "accuracy": 0.8067226890756303,
        "f1": 0.6713140467061695,
        "fn": 205.0,
        "fp": 738.0,
        "loss": 0.5839607476650581,
        "precision": 0.5661375661375662,
        "recall": 0.824486301369863,
        "tn": 2973.0,
        "tp": 963.0
      }
    },
    {
      "epoch": 7,
      "train_metrics": {
        "accuracy": 0.8166778906684625,
        "f1": 0.6916523023885742,
        "fn": 1155.0,
        "fp": 5106.0,
        "loss": 0.561441693355394,
        "precision": 0.5789907651715039,
        "recall": 0.8587501528677999,
        "tn": 20870.0,
        "tp": 7022.0
      },
      "val_metrics": {
        "accuracy": 0.7997540479606476,
        "f1": 0.6691500169319335,
        "fn": 180.0,
        "fp": 797.0,
        "loss": 0.578165292715435,
        "precision": 0.5535014005602241,
        "recall": 0.8458904109589042,
        "tn": 2914.0,
        "tp": 988.0
      }
    },
    {
      "epoch": 8,
      "train_metrics": {
        "accuracy": 0.8150382104061137,
        "f1": 0.6911455532195765,
        "fn": 1109.0,
        "fp": 5208.0,
        "loss": 0.557635214200806,
        "precision": 0.5757575757575758,
        "recall": 0.8643756879050997,
        "tn": 20768.0,
        "tp": 7068.0
      },
      "val_metrics": {
        "accuracy": 0.7991391678622669,
        "f1": 0.6691424713031735,
        "fn": 177.0,
        "fp": 803.0,
        "loss": 0.5775423437680688,
        "precision": 0.552396878483835,
        "recall": 0.848458904109589,
        "tn": 2908.0,
        "tp": 991.0
      }
    },
    {
      "epoch": 9,
      "train_metrics": {
        "accuracy": 0.8183761309401809,
        "f1": 0.6955582822085888,
        "fn": 1091.0,
        "fp": 5112.0,
        "loss": 0.5491097423547435,
        "precision": 0.5809149040826365,
        "recall": 0.8665769842240431,
        "tn": 20864.0,
        "tp": 7086.0
      },
      "val_metrics": {
        "accuracy": 0.8054929288788686,
        "f1": 0.6762197202320028,
        "fn": 177.0,
        "fp": 772.0,
        "loss": 0.5733390184767204,
        "precision": 0.5621100397050482,
        "recall": 0.848458904109589,
        "tn": 2939.0,
        "tp": 991.0
      }
    },
    {
      "epoch": 10,
      "train_metrics": {
        "accuracy": 0.8187567710010833,
        "f1": 0.6964198136341344,
        "fn": 1077.0,
        "fp": 5113.0,
        "loss": 0.5481722117486058,
        "precision": 0.5813477442069925,
        "recall": 0.8682891035832212,
        "tn": 20863.0,
        "tp": 7100.0
      },
      "val_metrics": {
        "accuracy": 0.8108218897315024,
        "f1": 0.6791797010775112,
        "fn": 191.0,
        "fp": 732.0,
        "loss": 0.5781855692407053,
        "precision": 0.5716793446459918,
        "recall": 0.836472602739726,
        "tn": 2979.0,
        "tp": 977.0
      }
    },
    {
      "epoch": 11,
      "train_metrics": {
        "accuracy": 0.8186103709776593,
        "f1": 0.6959210720070682,
        "fn": 1088.0,
        "fp": 5107.0,
        "loss": 0.5440563060066429,
        "precision": 0.5812561495572319,
        "recall": 0.8669438669438669,
        "tn": 20869.0,
        "tp": 7089.0
      },
      "val_metrics": {
        "accuracy": 0.8007788481246157,
        "f1": 0.6738255033557048,
        "fn": 164.0,
        "fp": 808.0,
        "loss": 0.5753475296421602,
        "precision": 0.5540838852097131,
        "recall": 0.8595890410958904,
        "tn": 2903.0,
        "tp": 1004.0
      }
    },
    {
      "epoch": 12,
      "train_metrics": {
        "accuracy": 0.8216847714695634,
        "f1": 0.7001477104874447,
        "fn": 1067.0,
        "fp": 5023.0,
        "loss": 0.5413791189130059,
        "precision": 0.5860051100304954,
        "recall": 0.8695120459826342,
        "tn": 20953.0,
        "tp": 7110.0
      },
      "val_metrics": {
        "accuracy": 0.8128714900594384,
        "f1": 0.6781811772999647,
        "fn": 206.0,
        "fp": 707.0,
        "loss": 0.5859336918263828,
        "precision": 0.5763930497303775,
        "recall": 0.8236301369863014,
        "tn": 3004.0,
        "tp": 962.0
      }
    },
    {
      "epoch": 13,
      "train_metrics": {
        "accuracy": 0.8217433314789331,
        "f1": 0.7002756990941316,
        "fn": 1065.0,
        "fp": 5023.0,
        "loss": 0.5370002601190887,