{
  "best_epoch": 9,
  "best_train_metrics": {
    "accuracy": 0.8183761309401809,
    "f1": 0.6955582822085888,
    "fn": 1091.0,
    "fp": 5112.0,
    "loss": 0.5491097423547435,
    "precision": 0.5809149040826365,
    "recall": 0.8665769842240431,
    "tn": 20864.0,
    "tp": 7086.0
  },
  "best_val_metrics": {
    "accuracy": 0.8054929288788686,
    "f1": 0.6762197202320028,
    "fn": 177.0,
    "fp": 772.0,
    "loss": 0.5733390184767204,
    "precision": 0.5621100397050482,
    "recall": 0.848458904109589,
    "tn": 2939.0,
    "tp": 991.0
  },
  "config": {
    "artifact_root": "artifacts",
    "batch_size": 128,
    "epochs": 35,
    "final_evaluation": false,
    "model": {
      "activation": "relu",
      "dropout": 0.2,
      "hidden_dims": [
        256,
        128,
        64
      ],
      "use_batch_norm": true
    },
    "optimizer": {
      "learning_rate": 0.0005,
      "name": "adamw",
      "weight_decay": 0.0005
    },
    "patience": 6,
    "run_name": "tune_adamw_bs128_wd5e4_ep35_pat6_thr052",
    "seed": 42,
    "threshold": 0.52
  },
  "device": "cuda",
  "duration_seconds": 32.11,
  "epochs_completed": 15,
  "input_dim": 90,
  "leaderboard_rank": 1,
  "parameter_count": 65409,
  "run_dir": "artifacts/runs/tune_adamw_bs128_wd5e4_ep35_pat6_thr052",
  "run_name": "tune_adamw_bs128_wd5e4_ep35_pat6_thr052",
  "summary_text": "Best validation loss was 0.5733 with validation F1 0.6762 at epoch 9. Test evaluation was skipped for this run.",
  "test_metrics": null
}