{
  "epochs": [
    {
      "epoch": 1,
      "train_metrics": {
        "accuracy": 0.7777647644423623,
        "f1": 0.6528857587121558,
        "fn": 1039.0,
        "fp": 6551.0,
        "loss": 0.6359035012816467,
        "precision": 0.521440572722624,
        "recall": 0.8729362847009906,
        "tn": 19425.0,
        "tp": 7138.0
      },
      "val_metrics": {
        "accuracy": 0.7991391678622669,
        "f1": 0.6700336700336702,
        "fn": 173.0,
        "fp": 807.0,
        "loss": 0.592896054650604,
        "precision": 0.5521642619311876,
        "recall": 0.8518835616438356,
        "tn": 2904.0,
        "tp": 995.0
      }
    },
    {
      "epoch": 2,
      "train_metrics": {
        "accuracy": 0.8006324481011917,
        "f1": 0.6747551946501075,
        "fn": 1114.0,
        "fp": 5695.0,
        "loss": 0.5929826996956333,
        "precision": 0.5536134190311961,
        "recall": 0.8637642167053932,
        "tn": 20281.0,
        "tp": 7063.0
      },
      "val_metrics": {
        "accuracy": 0.7722894035663046,
        "f1": 0.6535703149360772,
        "fn": 120.0,
        "fp": 991.0,
        "loss": 0.5863847304719666,
        "precision": 0.5139774399215301,
        "recall": 0.8972602739726028,
        "tn": 2720.0,
        "tp": 1048.0
      }
    },
    {
      "epoch": 3,
      "train_metrics": {
        "accuracy": 0.8027113284338125,
        "f1": 0.6784691735063945,
        "fn": 1068.0,
        "fp": 5670.0,
        "loss": 0.5821583402948115,
        "precision": 0.5563033101181626,
        "recall": 0.869389751742693,
        "tn": 20306.0,
        "tp": 7109.0
      },
      "val_metrics": {
        "accuracy": 0.7985242877638861,
        "f1": 0.6733133931538716,
        "fn": 155.0,
        "fp": 828.0,
        "loss": 0.5772160433139633,
        "precision": 0.5502444323737099,
        "recall": 0.8672945205479452,
        "tn": 2883.0,
        "tp": 1013.0
      }
    },
    {
      "epoch": 4,
      "train_metrics": {
        "accuracy": 0.805287968846075,
        "f1": 0.6805648957632818,
        "fn": 1093.0,
        "fp": 5557.0,
        "loss": 0.5715821561249856,
        "precision": 0.5603987026342853,
        "recall": 0.8663323957441604,
        "tn": 20419.0,
        "tp": 7084.0
      },
      "val_metrics": {
        "accuracy": 0.8005738880918221,
        "f1": 0.6722802290333445,
        "fn": 170.0,
        "fp": 803.0,
        "loss": 0.583578645950899,
        "precision": 0.5541365907828983,
        "recall": 0.8544520547945206,
        "tn": 2908.0,
        "tp": 998.0
      }
    },
    {
      "epoch": 5,
      "train_metrics": {
        "accuracy": 0.8066934090709454,
        "f1": 0.6828705927562686,
        "fn": 1069.0,
        "fp": 5533.0,
        "loss": 0.5670537511778762,
        "precision": 0.5622972866070722,
        "recall": 0.8692674575027516,
        "tn": 20443.0,
        "tp": 7108.0
      },
      "val_metrics": {
        "accuracy": 0.8130764500922321,
        "f1": 0.6747503566333809,
        "fn": 222.0,
        "fp": 690.0,
        "loss": 0.5899946900952373,
        "precision": 0.578239608801956,
        "recall": 0.809931506849315,
        "tn": 3021.0,
        "tp": 946.0
      }
    },
    {
      "epoch": 6,
      "train_metrics": {
        "accuracy": 0.8115246098439376,
        "f1": 0.6891089108910892,
        "fn": 1043.0,
        "fp": 5394.0,
        "loss": 0.5596407646089648,
        "precision": 0.5694444444444444,
        "recall": 0.8724471077412254,
        "tn": 20582.0,
        "tp": 7134.0
      },
      "val_metrics": {
        "accuracy": 0.8046730887476942,
        "f1": 0.6730703259005146,
        "fn": 187.0,
        "fp": 766.0,
        "loss": 0.5821591150225565,
        "precision": 0.5615340583858043,
        "recall": 0.8398972602739726,
        "tn": 2945.0,
        "tp": 981.0
      }
    },
    {
      "epoch": 7,
      "train_metrics": {
        "accuracy": 0.8136034901765584,
        "f1": 0.6909708737864078,
        "fn": 1060.0,
        "fp": 5306.0,
        "loss": 0.553877117512317,
        "precision": 0.5728889962166949,
        "recall": 0.8703681056622233,
        "tn": 20670.0,
        "tp": 7117.0
      },
      "val_metrics": {
        "accuracy": 0.7942201270752204,
        "f1": 0.6686468646864687,
        "fn": 155.0,
        "fp": 849.0,
        "loss": 0.5771729668576006,
        "precision": 0.5440386680988185,
        "recall": 0.8672945205479452,
        "tn": 2862.0,
        "tp": 1013.0
      }
    },
    {
      "epoch": 8,
      "train_metrics": {
        "accuracy": 0.8135449301671889,
        "f1": 0.6921589480808277,
        "fn": 1018.0,
        "fp": 5350.0,
        "loss": 0.5512751993806848,
        "precision": 0.5723079382844352,
        "recall": 0.8755044637397579,
        "tn": 20626.0,
        "tp": 7159.0
      },
      "val_metrics": {
        "accuracy": 0.8009838081574093,
        "f1": 0.6753594115680374,
        "fn": 158.0,
        "fp": 813.0,
        "loss": 0.5801467077241957,
        "precision": 0.5540318156884256,
        "recall": 0.8647260273972602,
        "tn": 2898.0,
        "tp": 1010.0
      }
    },
    {
      "epoch": 9,
      "train_metrics": {
        "accuracy": 0.8130178900828624,
        "f1": 0.6920034725571526,
        "fn": 1003.0,
        "fp": 5383.0,
        "loss": 0.5470895775170137,
        "precision": 0.5713148044915187,
        "recall": 0.8773388773388774,
        "tn": 20593.0,
        "tp": 7174.0
      },
      "val_metrics": {
        "accuracy": 0.8022135683541709,
        "f1": 0.673876309564042,
        "fn": 171.0,
        "fp": 794.0,
        "loss": 0.5758169604803993,
        "precision": 0.5566722501395869,
        "recall": 0.853595890410959,
        "tn": 2917.0,
        "tp": 997.0
      }
    },
    {
      "epoch": 10,
      "train_metrics": {
        "accuracy": 0.8142183702749393,
        "f1": 0.6934338309899986,
        "fn": 1001.0,
        "fp": 5344.0,
        "loss": 0.545796625415839,
        "precision": 0.5731629392971246,
        "recall": 0.8775834658187599,
        "tn": 20632.0,
        "tp": 7176.0
      },
      "val_metrics": {
        "accuracy": 0.811026849764296,
        "f1": 0.6767180925666199,
        "fn": 203.0,
        "fp": 719.0,
        "loss": 0.5890930606390907,
        "precision": 0.5730403800475059,
        "recall": 0.8261986301369864,
        "tn": 2992.0,
        "tp": 965.0
      }
    },
    {
      "epoch": 11,
      "train_metrics": {
        "accuracy": 0.8148039703686353,
        "f1": 0.694074969770254,
        "fn": 1002.0,
        "fp": 5323.0,
        "loss": 0.5413420780408094,
        "precision": 0.5740918546967515,
        "recall": 0.8774611715788186,
        "tn": 20653.0,
        "tp": 7175.0
      },
      "val_metrics": {
        "accuracy": 0.7938102070096331,
        "f1": 0.6708115183246073,
        "fn": 143.0,
        "fp": 863.0,
        "loss": 0.5793260205937937,
        "precision": 0.5429025423728814,
        "recall": 0.877568493150685,
        "tn": 2848.0,
        "tp": 1025.0
      }
    },
    {
      "epoch": 12,
      "train_metrics": {
        "accuracy": 0.8169414107106258,
        "f1": 0.6967698127849452,
        "fn": 994.0,
        "fp": 5258.0,
        "loss": 0.5376949006040334,
        "precision": 0.5773651635720601,
        "recall": 0.878439525498349,
        "tn": 20718.0,
        "tp": 7183.0
      },
      "val_metrics": {
        "accuracy": 0.8067226890756303,
        "f1": 0.6751636238374096,
        "fn": 188.0,
        "fp": 755.0,
        "loss": 0.5953726391490304,
        "precision": 0.5648414985590778,
        "recall": 0.839041095890411,
        "tn": 2956.0,
        "tp": 980.0
      }
    },
    {
      "epoch": 13,
      "train_metrics": {
        "accuracy": 0.8173220507715281,
        "f1": 0.6974150055773802,
        "fn": 987.0,
        "fp": 5252.0,
        "loss": 0.5332682022911436,